Partner1,Partner2
139,1362
140,4079
142,5945
146,2347
147,3993
150,3067
151,1087
152,1433
144,7101
153,4208
643,2814
149,7435
141,5916
143,3361
145,2727
148,892
154,5222
636,7779
692,6382
696,5733
792,2342
794,8739
1001,7520
1040,6391
3189,8363
3835,8852
4100,3800
4291,6531
4310,5769
4351,4807
4429,1747
7282,5715
7283,105
7284,5677
7289,7829
7292,6852
7293,8929
7294,8829
7295,364
7296,2296
7297,6510
7299,5151
7300,5274
7303,217
7305,5299
7306,508
7307,2215
7309,4538
7310,7727
7311,1589
7315,734
7321,4227
7325,1533
7331,5611
7332,3814
7338,669
7353,3925
7355,4610
7361,7222
7370,6042
7371,8709
7386,9622
7388,7509
7398,9888
7399,332
7417,1294
7421,2066
7425,751
7467,1699
7621,4845
7639,5838
7646,3239
7647,3668
7655,842
7698,1406
7719,9171
7725,3505
7727,1122
7735,8814
7739,1938
7747,7549
7748,2740
7749,8888
7750,8629
7753,944
7754,7496
7757,1373
7787,6452
7789,7050
7801,6104
7815,7332
7819,8048
7825,1641
7837,4201
7841,737
7852,4031
7857,9503
7895,6973
8176,5623
8177,8890
8314,6450
8321,1834
8566,6504
8602,4953
4251,958
7280,8024
7288,6790
7372,9728
7404,3901
7474,9083
7475,3339
7772,8225
8405,9006
691,3586
4071,6634
4072,6220
7281,7713
7285,6050
7286,3716
7287,7690
7290,634
7302,5166
7648,6257
7691,363
8403,8941
4076,2763
7291,6071
7298,5494
7301,3293
7304,2634
1046,6714
593,9961
655,1161
688,3813
983,1943
4084,9986
4275,6755
4308,7490
4462,1925
8496,873
8501,3404
8505,6121
8506,8818
8508,6699
8509,4924
8510,7072
8511,3619
8512,4549
8513,6267
8515,8781
8516,3058
8517,2315
8518,7748
8519,5904
8520,1812
8521,9576
8522,5153
8523,2079
8524,7611
8526,5663
8527,5712
8530,2203
8531,9823
8532,6999
8535,7149
8593,111
1352,8449
8514,8824
8528,6589
8529,6977
8533,3459
8534,4213
1351,490
4485,3041
4491,3421
8502,991
8525,5491
8498,4563
8499,4706
8500,3649
8503,574
8504,1245
8507,1169
8497,2281
507,6643
1041,4005
1422,7997
2897,7449
3195,8627
3684,8402
3912,7188
3917,3717
4004,3158
4059,3987
4102,1865
7491,9211
7492,9084
7493,3504
7494,7796
7495,7980
7496,1204
7497,1643
7498,3233
7501,1710
7502,9475
7503,7823
7504,6441
7505,2173
7506,1284
7507,2357
7509,1316
7511,883
7513,2230
7518,4884
7519,4884
7520,4011
7521,6380
7522,1775
7523,8557
7526,7580
7527,9664
7528,4748
7529,3517
7530,3699
7532,3861
7533,8733
7534,1119
7536,1553
7537,732
7539,9713
7540,1397
7541,4110
7544,9046
7546,9773
7547,9604
7548,7418
7549,2998
7550,9988
7553,6080
7554,8858
7555,6975
7556,4436
7558,178
7559,1670
7560,9232
7564,7176
7565,6997
7566,4868
7567,3816
7568,3493
7569,3865
7573,618
7574,3372
7575,4192
7578,4889
7579,6413
7580,3355
7581,5977
7585,9998
7587,3575
7590,800
7591,2371
7592,8481
7593,2675
7596,7724
7597,4978
7599,921
7600,7263
7614,5471
7615,133
7619,4560
7628,9345
7630,257
7642,6460
7674,9837
7732,3083
7769,153
7770,3321
7775,1893
7790,7764
7792,1590
7793,4368
7795,5079
7805,7757
7809,466
7826,5399
7844,9413
7847,4687
7855,2377
7907,9438
8072,5643
8181,8641
8200,1004
8324,3956
8587,3285
802,8146
804,2757
1466,2645
7499,7030
7500,4772
7512,4468
7514,1321
7515,5910
7538,5619
7542,629
7557,1832
7570,3972
7572,2933
7582,5844
7598,811
7641,4756
7714,1751
7791,5129
7798,2739
7818,4060
8071,1719
801,5969
7508,5546
7510,8938
7524,5444
7531,8963
7543,6984
7545,3614
7552,7226
7563,697
7583,33
7586,3241
7588,1752
7751,7635
7843,4679
8484,7125
3508,3352
7516,8856
7525,9122
7561,284
7576,6114
7594,5430
7673,8282
3627,5531
7517,5436
7551,3544
7562,5590
7571,9448
7589,5050
7620,327
7842,7851
7848,2695
7595,8077
7535,9800
7584,6757
1940,9963
1941,6475
1942,7123
1944,1684
1945,9977
1946,941
1947,8427
1948,6361
1949,6358
1950,2526
1952,6037
1954,5168
1955,7164
1956,4932
1986,1578
2039,695
2040,1639
2051,3103
2052,1247
2055,8924
2058,3299
2059,5343
2060,3267
2061,4478
2062,5900
2063,9886
2064,6706
2065,8390
2067,8151
2069,3237
2071,5042
2072,8323
2073,8455
2074,4827
2075,8118
2076,7013
2077,899
2078,2867
2079,928
2080,9907
2082,6817
2083,7459
2084,7113
2085,8915
2088,6759
2089,6746
2090,378
2091,4171
2092,88
2093,6558
2094,2699
2095,7162
2096,1997
2152,2412
2153,3897
2154,7778
2156,7743
2157,3559
2158,1743
2189,347
2198,6344
2206,7347
2256,8415
2257,4684
2275,198
2280,429
2281,6571
2282,6096
2283,1277
2287,5811
2292,5968
2294,1134
2295,8352
2297,1522
2298,3833
2299,4276
2300,5318
2301,1179
2311,277
2320,462
2326,5203
2328,1934
2329,8816
2332,1842
2336,1149
2337,9112
2341,6631
2343,2188
2346,9035
2347,6886
2348,3793
2353,7766
2354,3936
2357,377
2358,7330
2361,4366
2362,2384
2364,2749
2365,1644
2367,4007
2368,4593
2369,9276
2370,6075
2371,9665
2373,3787
2374,8062
2377,7858
2380,6082
2382,3455
2390,5961
2391,3057
2392,2528
2393,6530
2394,5534
2395,5791
2396,5692
2397,6889
2401,1260
2402,6738
2406,2620
2407,5311
2408,8164
2413,8073
2414,8697
2416,6818
2417,6941
2418,146
2419,7402
2420,9199
2421,96
2422,1235
2423,791
2424,570
2425,3480
2426,5204
2427,8397
2429,3573
2431,148
2433,8782
2434,3454
2435,2148
2436,1635
2437,9923
2438,6604
2439,7128
2440,2932
2441,7634
2442,5438
2444,3035
2446,4955
2447,2337
2453,481
2456,6323
2457,7195
2461,5552
2462,9853
2464,2767
2466,6845
2469,3484
2470,4778
2472,2171
2474,1860
2475,2669
2477,344
2480,776
2481,5793
2482,9670
2483,7437
2485,1844
2487,5093
2490,9561
2491,8574
2492,3533
2493,5327
2494,831
2495,2235
2498,482
2499,914
2500,6243
2501,5850
2502,9995
2503,4214
2504,9053
2505,7399
2516,1485
2519,4159
2522,3538
2834,4229
2835,2449
2836,6240
2837,8189
2893,5288
2937,6277
2940,5842
3011,7492
3013,1817
3066,8448
3069,2928
3122,9499
3132,1582
3133,8622
3176,9854
3178,5803
3179,2676
3184,7471
3186,8043
3188,7061
3265,4970
3267,2671
3268,6026
3385,6217
3388,3519
3459,8744
3460,9409
3461,491
3462,7022
3463,4197
3497,5765
3498,8507
3502,4370
3537,8695
3540,4770
3568,9601
3569,7962
3596,816
3599,6684
3600,9573
3624,4285
3676,9405
3745,7668
3774,9956
3799,5301
3851,5669
3852,3019
3871,5146
3874,7140
3875,6545
3926,3745
3949,2694
3950,3902
3951,2156
3952,9418
3976,7826
3979,531
3982,9862
3997,7019
4011,3071
4013,3622
4014,6368
4018,2859
4019,8383
4055,7150
4145,6378
4146,8883
4149,4150
4150,8687
4151,8066
4152,5922
4153,6007
4154,1505
4169,3564
4170,6578
4171,1159
4173,8273
4186,1897
4187,7411
4188,6648
4189,4380
4211,3549
4217,1074
4218,384
4244,7502
4245,6816
4248,9780
4276,9763
4323,2702
4326,7070
4347,6846
4348,9462
4375,2818
4407,5090
4430,3796
4445,9949
4486,9851
1951,1965
2056,7683
2201,7902
2211,3829
2363,5472
2378,3211
2400,8991
2428,2866
2455,1393
2459,3786
2891,425
2892,7122
3771,9563
3948,2543
4210,9581
1953,997
1998,6668
2050,3273
2066,3226
2081,2061
2097,4491
2334,9019
2379,3661
2405,6751
2409,9867
2415,8191
2463,4602
2484,1600
2486,3560
2488,6445
3012,7734
3015,7368
3182,3651
3929,1055
4054,6540
4185,4676
4246,3971
4247,4473
4376,6303
4444,2088
2197,4093
2296,1471
2304,8618
2372,2227
2430,3762
2476,3613
3180,3256
3895,5897
3928,8034
4047,2820
2319,2453
2496,8506
3177,8488
4209,6403
1943,196
4012,5647
3927,4407
7746,7440
7405,2696
8612,3176
378,5011
380,2236
381,2508
382,9671
383,1371
385,766
387,9785
388,8384
389,6993
390,103
391,5419
392,8637
394,9126
395,9486
396,9072
397,9024
398,6366
399,5034
401,249
402,2034
404,2585
406,9632
407,9025
408,7108
409,7867
410,67
411,371
412,334
413,8519
414,4158
417,6415
419,4971
420,6407
421,7074
423,7888
424,7977
426,3296
427,4184
428,4621
429,1069
430,7995
431,8223
435,662
436,5757
437,866
438,2564
443,3976
447,9972
451,9768
456,1051
462,954
463,4316
464,9938
467,3335
384,9488
393,8404
400,9964
403,3084
418,1137
422,8373
432,8951
439,5881
461,1646
642,7379
379,7300
415,8644
425,7185
466,6883
3869,8106
386,197
405,7295
433,5985
434,1745
416,9141
448,8534
1580,5239
1581,7142
1582,5211
1583,9464
1584,7103
1585,8563
1586,977
1587,1577
1588,1031
1589,70
1591,1010
1592,7269
1593,6211
1595,8955
1597,1384
1599,8229
1600,340
1601,1695
1602,8128
1604,8487
1606,889
1607,1810
1608,1906
1609,412
1611,5493
1612,4597
1613,7969
1615,8304
1616,1012
1617,6676
3212,2659
4193,3946
4356,3227
4382,3697
1603,8076
1605,460
1614,3349
1610,7608
1594,2078
1598,2664
1579,1955
1590,6258
504,1876
3836,9279
3891,8844
4300,4181
7327,1964
7439,6665
7487,9816
7764,6640
7782,2939
7784,8009
7785,4398
7786,8187
8037,688
8049,5690
7788,8411
7343,5999
8186,7958
34,4913
36,3092
38,8142
45,2931
87,428
605,6241
610,6430
1004,8075
3192,1859
3999,4194
4041,6439
4482,4713
39,7420
86,2001
89,3616
334,9158
35,9570
43,7202
312,2579
33,5806
502,895
4166,2755
483,9589
485,6269
491,4263
621,166
739,2368
740,1028
741,5836
766,9146
769,34
774,1803
775,1267
776,7207
777,9070
779,9311
781,8374
782,487
785,4661
787,8339
798,3984
850,8281
854,9108
862,7495
871,7691
878,4357
1028,7889
1029,7924
1039,3008
1341,9183
1508,328
1707,1021
1721,7240
1725,4939
1751,6794
2542,5603
2547,4904
2935,7017
2938,643
3087,9033
3108,2565
3240,1868
3377,389
3482,8387
3521,6341
3560,2306
3674,9307
3765,4087
3790,2333
3796,2473
3797,2531
3798,8110
3817,3438
3850,9103
3870,598
3886,8712
3888,9326
3889,4926
3890,7189
3904,4410
3906,7588
3915,5720
3920,3630
3924,2403
3937,4320
4001,8514
4042,3174
4069,6707
4136,4505
4161,7790
4162,1507
4163,2150
4164,7319
4182,1748
4208,2845
4419,9967
8085,431
8087,239
8088,8485
8089,582
8090,1131
8092,9803
8094,2136
8096,2133
8097,1611
8099,7768
8101,3713
8103,42
8104,3489
8106,5906
8107,6918
8108,6823
8113,398
8114,1886
8115,9705
8116,6971
8120,8850
8121,6106
8123,1264
8124,8126
8125,9531
8128,6908
8129,8344
8131,9003
8132,1778
8133,4047
8134,6675
8135,8518
8136,3895
8137,5201
8138,1379
8139,7805
8141,3303
8142,2056
8143,1335
8145,9160
8146,9027
8147,6519
8148,2609
8150,7400
8151,8959
8152,5725
8155,1840
8169,2145
8188,960
8399,6611
8439,7674
8440,2183
8441,6074
8560,5358
8596,7298
765,8188
845,605
853,9815
864,7209
880,3695
1003,8030
1738,9506
2861,6152
3028,2370
3396,7328
8086,4885
8093,5464
8102,9787
8112,4483
8117,7652
8445,2246
8495,4415
736,5084
877,529
982,3899
1338,9465
3614,8512
4261,610
8091,7352
8098,2688
8100,5912
8105,521
8118,9237
8154,1172
8335,6955
8559,9572
869,4860
1451,6752
3659,7229
3820,5386
3822,9743
4183,5443
8149,6536
8415,3890
848,6469
3485,8326
8110,4749
8111,3039
8553,1900
3685,5145
8119,2687
8122,3120
8127,1632
8153,9321
8109,8107
8126,1103
8140,4325
8144,8375
8156,1351
481,592
540,2135
580,4157
609,20
622,8659
812,5144
3726,5233
3819,970
4260,4405
4282,701
7070,1486
7071,4231
7072,2436
7073,7638
7074,8161
7076,9406
7077,8989
7079,4533
7080,5019
7082,5843
7084,1407
7085,4021
7086,8798
7087,208
7089,3181
7090,9818
7091,9362
7095,7433
7096,8409
7098,2164
7099,9734
7101,154
7104,9007
7106,4746
7107,806
7111,3219
7113,8367
7114,4976
7116,3516
7118,6268
7119,7692
7120,2835
7121,9446
7122,8236
7124,3718
7125,9892
7127,5859
7128,7201
7130,358
7132,2852
7133,3563
7134,6995
7136,7206
7139,5886
7140,4669
7141,8157
7142,2321
7143,9018
7145,9999
7146,6630
7148,3238
7149,3483
7150,7676
7152,1947
7153,7717
7154,4
7156,1674
7159,259
7161,4601
7162,6408
7168,2952
7169,9882
7173,2880
7191,3070
7192,92
7207,3805
7219,5702
7221,8732
7231,5460
7238,5880
7246,5283
7265,9922
7275,3319
7319,1061
7339,3900
7373,8210
7375,8391
7381,534
7393,7275
7397,276
7451,4800
7460,6182
7482,825
7483,149
7484,8699
7485,867
7627,2073
7653,9041
7671,9195
7690,4790
7706,4164
7708,4023
7710,4479
7718,3290
7721,3353
7726,1268
7776,3307
7799,1604
7800,2373
7908,9511
8038,7429
8055,3760
8331,8698
8426,5801
480,7526
3391,5046
3686,8205
4106,5678
7075,3562
7083,7401
7092,1229
7093,9605
7094,2081
7097,7641
7100,7856
7102,5918
7103,3911
7105,3400
7109,5219
7110,3369
7112,8466
7115,2951
7123,1049
7126,6386
7135,2993
7144,741
7147,4623
7151,2839
7155,2350
7157,7138
7163,8822
7185,1777
7190,5528
7271,6167
7368,6120
7384,8908
7472,2238
7486,9877
7658,4718
7672,7505
7709,8893
7779,1677
7794,6357
7836,2834
8604,8060
619,1843
734,9416
7088,9588
7129,9161
7131,479
7158,4869
7171,3628
7318,3623
7347,5645
7354,4925
7369,8319
7461,9554
7711,4957
7897,4843
3017,1625
7078,746
7081,7003
7117,2157
7137,6038
7160,3508
7167,3247
7172,4691
7267,4033
7108,4199
9995,2197
9996,7716
9997,939
583,2254
603,6213
712,8636
770,1849
1313,9076
3135,5683
3566,387
3998,9233
6868,6694
6869,7233
6871,8414
6872,2381
6873,1408
6874,80
6875,1568
6876,9783
6878,7918
6879,4870
6880,8113
6881,7407
6882,5936
6890,4651
6941,2906
7056,1452
7166,5955
7217,7303
7236,6479
7239,206
7240,4363
7250,173
7257,9719
7266,1067
7273,7414
7313,8678
7316,3451
7317,6767
7320,2632
7349,1813
7350,3968
7400,1847
7401,1124
7410,5506
7411,8600
7412,5186
7413,4928
7414,7276
7415,7750
7416,9022
7418,7809
7419,7015
7426,8328
7427,4367
7428,6063
7433,3205
7435,6111
7446,8642
7447,468
7448,4590
7453,4135
7456,3452
7458,9615
7459,2429
7464,561
7465,7040
7466,9524
7478,4903
7623,321
7624,6165
7625,7789
7629,168
7645,1845
7650,9936
7651,8232
7661,184
7664,2680
7679,8418
7707,5351
7731,3744
7733,7736
7736,6501
7752,6829
7765,8546
7771,6126
7781,87
7796,7112
7802,2147
7803,6953
7804,1982
7807,8683
7808,7791
7820,8053
7903,2388
8182,370
8204,7156
8313,3236
8315,2448
8318,2956
8340,9644
8471,9186
8477,8738
8536,6557
8589,1189
498,2085
6870,5325
7214,7682
7429,7554
7449,7060
7455,2732
7457,5420
7470,2665
7479,4273
7640,4561
7657,7059
7660,3924
7689,8558
7835,5225
7853,835
8162,3958
8166,5467
865,8528
6877,2963
7322,7102
7335,6369
7340,5755
7344,8006
7450,7769
7471,4462
7617,5391
7618,2705
7622,1299
7669,6029
7696,5705
7705,8289
7716,6850
7723,1232
7783,8271
8178,7267
7694,3085
7827,7090
7904,3979
8545,7544
7374,8726
7402,6895
8548,4425
7734,5962
455,7476
1305,3598
161,3637
162,3049
163,3359
164,4427
1348,878
1359,7151
3545,243
221,6476
638,1088
702,2865
859,8693
1298,5522
1474,7358
2845,1487
4115,5406
4280,4187
8208,1462
8209,7758
8210,262
8212,8360
8213,2362
8216,4043
8217,8279
8218,7590
8219,7940
8222,982
8223,2556
8224,3113
8226,1066
8227,9325
8229,8436
8230,2353
8231,5662
8233,1457
8235,8209
8236,9725
8237,7098
8238,2419
8239,2660
8241,2322
8242,3382
8243,4959
8244,673
8246,7124
8247,322
8250,1013
8251,1312
8253,7936
8254,3106
8255,1484
8256,7454
8257,3629
8258,401
8259,8088
8260,7025
8262,9329
8264,9366
8267,6362
8268,2290
8269,3316
8271,8294
8272,6697
8273,9002
8274,8111
8276,7992
8278,7751
8279,2137
8280,6456
8281,5507
8285,4239
8287,2086
8288,2288
8289,4670
8290,9138
8291,945
8292,2824
8293,6420
8294,3589
8295,7963
8297,1306
8299,1731
8300,1255
8301,9264
8303,8570
8304,6039
8311,2124
8414,4472
526,6171
584,2734
2896,4061
8214,6226
8215,7375
8220,2437
8225,6242
8240,4853
8245,3415
8248,5234
8249,8903
8270,1744
8275,6262
8282,3405
8296,8838
8298,663
8305,5503
8306,3250
8307,3386
8309,1500
8211,8701
8252,4810
8265,8723
8283,7950
8284,8736
8308,9250
8310,2909
8232,8708
8261,8345
8263,4907
8302,53
8221,827
8228,6348
8234,7489
8286,3460
796,990
8266,1721
8277,9136
490,8775
552,7731
577,7702
588,241
729,8675
748,5413
764,3424
870,9530
977,7687
1011,6518
1047,1996
1063,884
1307,1438
1328,1434
1363,5544
1520,312
1673,4108
2523,8074
2526,4315
2840,7614
3035,8313
3546,5038
3580,9253
3604,1642
3630,553
3631,2964
3652,1866
3689,7532
3803,6896
3824,7653
3884,282
3969,5045
4219,4144
4498,4627
4502,2166
6498,9729
6500,7952
6501,7199
6503,1552
6506,8102
6508,25
6510,10
6511,7014
6518,1750
6519,6774
6521,7886
6526,5571
6527,7639
6528,1042
6531,9483
6532,4537
6533,814
6534,9657
6535,4148
6537,5086
6538,9216
6539,4191
6540,1737
6541,4074
6542,8918
6543,762
6549,5517
6553,572
6554,7942
6556,9057
6560,9636
6561,5993
6562,9548
6563,8704
6564,9256
6565,2305
6566,7008
6570,4420
6572,4998
6573,7677
6574,1181
6575,6528
6576,2761
6579,1971
6580,5520
6583,205
6585,7274
6586,5198
6587,5835
6588,9789
6589,3091
6590,2611
6592,7521
6593,5800
6594,8314
6595,6848
6596,6299
6599,9107
6601,6677
6603,2420
6604,1075
6605,2738
6607,5709
6609,1616
6610,235
6613,879
6614,9117
6616,4742
6617,7114
6620,6410
6625,1338
6626,7941
6627,4395
6629,4908
6630,9556
6631,2552
6632,2049
6634,5281
6636,6937
6638,9296
6639,8014
6640,4633
6641,2077
6642,8370
6643,5638
6645,5894
6648,6048
6651,8435
6653,9009
6654,8931
6658,2113
6659,5336
6660,7042
6662,974
6664,9173
6667,9565
6671,6900
6672,7382
6673,7684
6674,3830
6677,5600
6679,9262
6680,6880
6681,5206
6682,8584
6683,823
6685,4699
6687,2356
6688,3675
6691,7906
6693,7915
6694,3185
6695,7100
6701,9332
6702,5607
6703,5333
6705,2122
6706,8966
6707,7250
6708,2742
6710,9061
6713,9016
6714,9189
6715,2044
6716,507
6717,857
6720,3135
6722,4447
6723,7215
6728,9220
6729,5795
6731,4267
6733,4844
6735,5868
6736,1378
6737,2636
6740,4548
6743,4314
6744,5057
6746,2831
6748,7938
6749,4058
6750,3471
6752,4200
6754,121
6755,1217
6757,6964
6760,5267
6761,3034
6764,7173
6766,4963
6767,4010
6769,5585
6770,3737
6772,2783
6773,7
6775,5734
6777,4371
6778,2875
6780,7277
6782,2921
6783,2286
6786,3706
6789,4883
6791,9482
6794,3024
6795,4604
6796,4992
6800,5109
6801,8688
6804,5578
6805,6828
6806,4567
6809,386
6810,1867
6812,77
6815,3289
6816,2405
6820,2496
6821,9367
6823,815
6824,655
6825,9208
6826,307
6827,8834
6830,6133
6832,8767
6835,809
6838,8299
6839,8350
6843,1749
6844,8145
6846,9314
6848,3858
6849,1669
6852,1289
6855,1317
6858,8274
6860,5280
6862,4220
6863,5923
6865,5213
6883,3363
6884,5654
6885,4444
6886,2643
6887,7313
6888,9843
6889,1132
6892,6779
6893,8322
6894,8653
6895,8757
6896,1092
6897,1495
6898,9443
6899,9902
6900,6770
6902,6412
6906,911
6908,1735
6909,659
6911,8772
6913,7498
6915,4226
6916,2856
6919,1126
6921,4511
6924,4814
6927,9724
6929,3967
6930,7982
6931,4225
6935,350
6936,6003
6938,7258
6945,390
6946,8789
6950,4387
6951,4688
6954,9784
6958,2557
6959,181
6960,4854
6963,496
6965,792
6966,7838
6968,4190
6970,8710
6971,5123
6972,1424
6974,8277
6975,3261
6981,9060
6982,8803
6983,4769
6984,8560
6985,9419
6987,2098
6988,2380
6991,4515
6992,9452
6997,4243
6998,8595
7004,5488
7006,2516
7007,1894
7009,9911
7010,1347
7012,7282
7014,7531
7015,6489
7016,8576
7019,9069
7020,2130
7024,4600
7025,3595
7028,1188
7029,3983
7030,983
7033,3860
7034,3738
7035,9542
7036,3643
7037,8208
7038,5665
7041,6336
7046,9547
7047,7584
7048,9926
7051,1858
7052,357
7054,2149
7060,9386
7061,5667
7063,8651
7065,9299
7066,3835
7067,4794
7068,2562
7165,6689
7170,4849
7174,7899
7175,9202
7176,7723
7177,2920
7179,6687
7180,4400
7183,8922
7189,7131
7196,8544
7198,303
7199,3855
7200,3583
7201,3674
7202,4966
7203,2590
7204,1359
7205,3766
7206,311
7210,2097
7211,6858
7213,777
7218,8331
7224,4984
7225,7533
7228,2919
7229,5867
7230,7971
7237,5703
7241,5983
7242,1033
7244,2829
7245,2494
7249,5089
7251,3999
7252,2765
7253,3779
7254,5777
7256,4595
7260,2934
7261,330
7263,3265
7264,3940
7268,1374
7270,9281
7272,8147
7277,5805
7279,9178
7312,4960
7314,2390
7326,7111
7334,6044
7336,2657
7337,2029
7351,5031
7352,6016
7359,9359
7360,8021
7362,4041
7366,6750
7376,7535
7378,3942
7379,1345
7390,3740
7394,2497
7407,2619
7408,5829
7409,1594
7423,8920
7430,3710
7431,1494
7434,8703
7438,8461
7441,8241
7442,2630
7443,9575
7452,8484
7454,8681
7463,985
7468,8217
7469,4278
7477,2864
7480,7640
7489,2262
7490,1171
7634,3593
7635,4136
7637,9579
7638,1109
7644,4313
7649,4685
7659,3748
7663,5044
7665,6686
7668,3073
7670,1761
7676,5815
7677,3857
7692,5110
7695,6292
7699,4768
7700,1034
7702,391
7703,8379
7712,3114
7717,9381
7722,1173
7737,2240
7738,4295
7755,955
7756,1755
7773,4819
7774,4656
7777,7412
7797,2938
7821,975
7822,5982
7824,1524
7831,3391
7832,7475
7840,3520
7846,6622
7850,4026
7859,8724
7906,5463
8052,2319
8053,4401
8067,3351
8195,7623
8203,5726
8206,4835
8334,8713
8409,8065
8428,585
8610,6405
579,3076
2531,1479
3576,6620
3990,9282
4103,953
4212,435
6497,5000
6502,3850
6504,1250
6505,3653
6507,5111
6509,1139
6513,9336
6516,1388
6517,794
6520,7034
6529,9933
6530,1385
6544,8881
6547,3054
6550,3923
6558,3028
6567,7628
6568,5616
6571,7053
6584,591
6597,8068
6598,9514
6602,6462
6606,2155
6608,3165
6611,3065
6615,252
6618,3016
6619,288
6622,7665
6628,4125
6633,3702
6637,72
6644,2827
6647,5361
6649,1603
6652,7083
6655,2870
6657,3685
6661,3121
6665,1898
6668,4865
6670,2228
6675,5893
6676,8131
6678,406
6684,2894
6686,9733
6689,3248
6690,7797
6692,7609
6696,229
6697,9115
6698,8285
6699,7694
6704,5069
6712,5550
6719,7755
6721,200
6724,9140
6725,1048
6727,5827
6734,2959
6738,8592
6741,522
6747,6216
6753,4695
6756,9100
6758,1332
6768,3271
6774,8609
6776,1214
6779,8833
6788,8042
6790,6088
6793,4644
6798,6749
6802,3288
6807,2275
6811,3259
6813,5834
6814,1672
6817,8515
6818,9736
6819,7062
6822,6013
6829,7392
6833,6326
6834,6308
6840,4760
6842,5392
6845,9619
6850,4876
6853,4988
6854,9014
6857,1790
6859,4789
6864,2830
6866,1793
6903,4936
6904,9848
6905,126
6920,3555
6922,9427
6923,3148
6925,4571
6928,8988
6937,5230
6943,5188
6947,1612
6948,2591
6949,7984
6953,8705
6955,1145
6956,2272
6957,7919
6964,8135
6967,9697
6973,318
6978,4378
6980,210
6989,6586
6993,4351
6996,689
7003,5194
7005,2294
7008,2332
7017,3431
7021,7271
7027,8343
7039,2649
7043,7443
7049,176
7053,2658
7057,3848
7058,3659
7059,2125
7062,2762
7064,5633
7069,2525
7181,7981
7184,5106
7187,1381
7188,4535
7193,555
7194,6799
7197,3806
7208,9739
7209,5105
7212,3774
7215,9689
7216,338
7220,6432
7222,2329
7227,7524
7235,9881
7269,3315
7276,7953
7323,8541
7328,416
7329,7865
7341,7793
7342,909
7348,4649
7356,2040
7358,9965
7363,538
7365,1361
7367,9408
7391,2597
7420,1592
7440,6725
7445,4646
7476,1953
7481,302
7643,3398
7654,6553
7667,3190
7724,1318
7729,6795
7745,9388
7761,2277
7767,5532
7811,3768
7823,1659
7849,5465
7854,1269
8474,9469
8485,4489
8486,5523
8588,3842
731,63
3543,1157
3830,7293
3857,1690
6512,9715
6514,3954
6515,6000
6522,6672
6536,7389
6548,7425
6555,9510
6557,4545
6559,9756
6569,9955
6582,6170
6600,3772
6612,709
6621,3689
6624,3986
6635,4126
6650,1565
6700,7416
6709,3422
6711,841
6726,5586
6732,2365
6742,4014
6751,152
6759,6266
6762,8463
6763,8669
6781,2524
6792,4521
6797,7528
6799,2099
6808,2979
6836,9673
6837,1019
6851,475
6910,8661
6914,3488
6917,7035
6926,6222
6932,4681
6933,4611
6934,2950
6940,4638
6942,3988
6944,9071
6962,4899
6976,7339
6979,2689
6986,868
6990,7636
6994,6131
6995,7049
6999,1620
7000,2942
7001,2301
7026,2656
7040,7321
7045,4715
7055,2962
7164,6920
7186,5469
7233,151
7330,1358
7333,793
7345,8960
7357,4235
7444,901
7473,3772
7666,5305
7678,3002
7715,3416
7768,6024
7812,3618
7893,4829
478,8061
6496,3707
6523,4802
6525,9946
6545,4851
6552,6224
6581,3161
6591,9050
6646,556
6656,1888
6663,3905
6739,3137
6765,3997
6784,8943
6787,2055
6847,7260
6861,2563
6891,979
6907,6018
6918,3468
6952,2520
7002,5557
7022,9303
7042,5963
7044,5845
7182,8040
7255,1166
7259,5624
7278,464
7396,5773
7406,5456
7728,805
7817,1815
7833,3139
7858,7928
7905,9471
3838,7481
4065,5022
6499,3662
6524,680
6551,9662
6577,5433
6730,584
6745,4834
6771,7426
6785,3677
6977,8700
7011,6547
7032,1736
7050,6928
7178,4803
7195,6175
7243,7816
7262,6286
7274,1579
7380,5135
7432,9962
7626,9555
7636,5174
7675,8538
7759,6458
7806,4260
7813,9036
6578,3160
6623,1256
6803,9612
6828,7944
6831,1689
6867,230
6939,4065
6961,7069
6969,1045
7013,3223
7031,8825
7247,5742
7422,6527
7424,9012
7901,2107
763,2530
6546,4838
6666,434
6669,2758
6718,7026
6841,9620
6901,1945
7656,254
8549,4888
479,1483
6912,7786
7232,2653
7324,4887
7631,1696
7856,1717
7633,1195
509,5445
513,5937
514,3032
515,5716
623,8606
687,8184
728,9755
4241,9248
510,7247
512,5468
532,519
511,6383
614,1296
295,9192
297,1398
298,1687
299,3059
300,4082
757,3894
759,3453
3452,4216
3538,374
4003,3262
756,4716
293,2561
294,3110
296,9838
749,1724
750,226
751,2752
752,567
754,3825
56,7784
57,6793
58,5518
60,8464
61,8664
62,4211
63,216
65,6539
66,5155
67,7714
69,9244
70,745
71,723
72,2292
74,6583
75,2007
76,727
79,1339
81,2311
104,2857
229,6256
979,8840
1327,1346
1631,4020
3710,4081
4176,2860
4229,7115
4238,9401
4249,1300
4267,5237
4290,3723
80,4787
639,3642
1629,523
73,837
97,8749
641,7423
1619,2760
4117,7447
68,6544
106,2838
562,5575
4281,3133
78,3704
107,3376
77,2661
228,5741
59,8308
40,5990
47,7818
51,6980
84,5193
90,7821
91,6230
94,8480
96,9606
99,5426
102,5877
105,9048
109,4101
114,8377
126,5033
128,142
132,5492
160,2399
165,3951
166,1975
167,1324
170,7960
171,6486
173,9996
175,9940
179,5231
181,5597
182,5021
186,2926
203,3462
204,2181
212,9169
213,9817
216,9699
217,8406
225,3281
235,396
271,4973
273,414
277,7289
281,1551
282,8961
291,4580
305,6797
306,8771
308,917
322,9225
327,2551
333,5238
357,7397
472,5973
560,2855
563,6429
564,6273
746,251
760,3365
868,1726
969,5628
972,8964
975,8321
980,179
981,886
997,5285
1059,5717
1320,1162
1331,4606
1676,1712
1728,8001
2844,5191
3272,1094
3434,3571
3438,6194
3629,4839
3634,1423
3723,787
3814,191
3815,8940
3816,9812
3841,5099
3846,7729
3860,9643
3922,9595
3959,7961
3960,6989
3962,4975
4057,3530
4058,972
4062,4406
4155,4052
4221,3055
4240,6009
4258,6004
4334,6302
4349,7914
4350,9288
4390,458
4480,5659
4497,465
9333,7456
9334,8394
9335,75
9338,4965
9340,7384
9342,3413
9343,1436
9344,4779
9345,5254
9348,4864
9349,5389
9350,3930
9351,1701
9353,3036
9355,6066
9356,6128
9357,2109
9358,3450
9359,1101
9360,8762
9361,7669
9362,8942
9364,7344
9365,9651
9366,6655
9367,9735
9368,1376
9369,8648
9370,3189
9371,5706
9372,3496
9374,3099
9375,9410
9377,7127
9378,590
9379,3094
9380,5594
9381,2407
9382,4310
9383,3283
9384,1856
9385,6249
9389,4968
9391,2174
9392,3764
9393,543
9394,8214
9396,2009
9397,1236
9398,5724
9399,9808
9400,3916
9401,7010
9402,5700
9404,1221
9405,5032
9410,8103
9411,9684
9412,9270
9413,8195
9414,2058
9416,3969
9417,3410
9418,6522
9420,2011
9421,7359
9422,5298
9423,5737
9424,2907
9428,2901
9432,5629
9434,9176
9435,7461
9440,2504
9441,1944
9442,9778
9443,5235
9444,2101
9445,9489
9446,1231
9447,8143
9448,5245
9449,3581
9450,8552
9452,9004
9454,7278
9456,22
9457,3383
9460,4451
9461,5743
9463,8162
9465,4906
9466,8677
9467,6081
9468,5261
9469,6839
9472,6974
9473,6857
9478,1596
9479,6718
9481,7009
9482,730
9485,1617
9486,6781
9487,5259
9488,296
9489,7876
9490,2773
9491,9958
9493,5863
9494,5007
9495,8016
9497,3597
9498,85
9499,7760
9500,8567
9501,135
9502,7990
9503,4443
9504,2082
9506,2019
9507,8138
9508,1686
9509,9519
9510,2625
9511,3606
9512,5377
9513,3086
9514,1685
9515,4345
9516,4613
9517,5521
9519,9790
9521,6917
9522,7279
9523,447
9524,6311
9525,2251
9527,5854
9528,4044
9529,7820
9534,7290
9536,4098
9540,5028
9541,8645
9542,5570
9543,4496
9544,9983
9545,4598
9546,5132
9548,5190
9550,6991
9551,5626
9552,2243
9553,5485
9554,7119
9555,9517
9556,2102
9557,9394
9558,9441
9559,5871
9560,575
9561,6374
9562,3143
9563,8410
9565,3301
9566,4170
9567,5372
9568,501
9569,2667
9570,3882
9571,8621
9572,8049
9573,463
9574,544
9575,9874
9576,6729
9577,8676
9578,349
9579,9150
9580,3927
9581,7458
9582,840
9585,6912
9586,8093
9587,2673
9588,8866
9589,6642
9590,8144
9591,4016
9592,5876
9593,9791
9596,4284
9599,1128
9601,82
9602,860
9603,471
9606,9529
9607,9929
9609,1453
9612,9903
9613,4469
9614,9835
9615,7457
9616,1310
9618,2129
9619,56
9621,4384
9622,3302
9623,9794
9624,3682
9625,6235
9626,5102
9628,3634
9631,5083
9633,104
9636,6188
9637,3474
9639,536
9640,3920
9642,4922
9643,114
9646,2360
9650,7937
9651,2018
9652,6627
9653,1155
9654,8586
9655,51
9656,6116
9657,2862
9658,770
9659,1836
9660,7597
9661,7849
9662,3357
9663,1439
9665,7922
9667,1760
9668,4856
9669,9764
9670,8994
9671,4341
9672,4813
9673,9226
9674,8444
9675,9720
9677,4657
9678,9111
9679,8457
9680,8198
9681,5727
9683,6563
9684,1437
9686,7870
9691,2778
9692,5512
9693,7023
9695,7703
9696,1715
9698,5120
9699,3645
9700,163
9703,9833
9706,5156
9709,3542
9710,4198
9711,8044
9712,9685
9713,315
9714,6228
9715,5271
9717,559
9720,9127
9721,5039
9722,2994
9723,7004
9724,1932
9726,248
9728,3871
9729,7071
9733,5411
9734,7850
9735,495
9736,9953
9737,2960
9738,5956
9740,1355
9741,550
9742,5857
9744,6225
9745,8804
9748,3183
9749,5041
9750,4182
9751,6594
9752,3992
9755,1314
9757,1855
9758,1098
9760,1469
9761,4738
9762,9650
9763,9792
9764,965
9765,9722
9766,410
9767,95
9768,2025
9769,7163
9772,1883
9773,5302
9776,1210
9777,404
9778,7782
9780,1922
9782,8493
9783,6939
9784,9251
9785,4744
9786,1259
9787,6708
9788,4222
9789,8101
9793,1741
9795,4493
9796,8428
9797,3527
9799,1550
9800,1995
9801,2185
9804,5095
9805,3
9809,9360
9810,6581
9811,3761
9812,123
9813,4403
9817,8957
9818,7305
9820,8806
9821,2713
9822,8597
9823,117
9824,5369
9825,3783
9827,9157
9828,5657
9829,2391
9830,8716
9831,8869
9832,3821
9833,156
9835,7774
9836,9371
9837,8936
9838,9404
9839,1949
9844,2087
9845,4765
9846,1265
9847,2786
9848,6113
9849,7350
9851,6972
9854,8469
9855,6905
9856,348
9857,8763
9858,7726
9859,3022
9860,7994
9861,5169
9862,855
9863,3275
9864,8124
9865,6992
9867,512
9869,3350
9870,713
9872,2666
9874,3093
9875,3346
9876,5992
9877,1987
9878,1841
9879,5567
9880,84
9881,4129
9884,5133
9887,7550
9891,2105
9892,6098
9894,6425
9896,8405
9897,7527
9898,8887
9899,1587
9900,4282
9901,8462
9903,4107
9908,7360
9909,8729
9911,4750
9912,1733
9913,5925
9914,9396
9915,3081
9916,7655
9918,6345
9919,6803
9920,5199
9921,5901
9923,6278
9924,3344
9925,4711
9926,8655
9927,731
9928,3913
9929,7993
9930,7783
9931,3941
9933,4705
9934,285
9935,4217
9938,7057
9940,7191
9941,1787
9942,4422
9943,8652
9944,8017
9945,3276
9946,3909
9947,2981
9948,978
9949,8149
9950,4700
9951,109
9952,8181
9954,9478
9955,9298
9956,1875
9957,5303
9958,3446
9959,4917
9960,1527
9961,9350
9964,4390
9965,5560
9966,6390
9969,7822
9970,1291
9971,9558
9972,3235
9973,9135
9975,8510
9977,7844
9978,3286
9979,6924
9983,1476
9984,7129
9985,450
9986,9629
9987,7002
9989,6443
9990,5812
9992,4377
9993,4605
9998,7777
9999,8228
26,4004
53,3147
54,5428
93,4160
118,6862
155,4721
266,3773
310,6014
313,6565
323,3501
329,9533
358,4122
476,5708
518,2937
546,9425
640,5598
866,7190
887,1657
2530,402
3036,1528
3074,5693
3606,3203
3713,9935
4030,9921
4060,1656
4086,6086
4453,3812
4489,3915
4499,8975
9336,9139
9337,4797
9339,6512
9341,7342
9347,2896
9352,8948
9354,2340
9376,128
9407,7645
9409,7497
9415,6490
9429,8222
9438,8174
9453,3429
9455,9224
9464,224
9476,1619
9477,6402
9480,2008
9483,7409
9484,6406
9492,1118
9532,9698
9537,4055
9538,9304
9547,6478
9549,6514
9564,3105
9583,5649
9594,9878
9597,844
9598,7978
9605,6049
9608,8827
9610,8470
9611,7378
9627,2754
9634,5635
9641,26
9644,4585
9645,6176
9647,1334
9648,9766
9682,6802
9689,6239
9690,2303
9694,7679
9702,4326
9725,8619
9727,9397
9747,6625
9754,3409
9771,1683
9774,9690
9781,2872
9790,2159
9791,5385
9792,830
9794,2582
9802,8064
9808,9648
9814,1450
9816,9969
9840,4027
9842,3822
9843,5555
9852,4149
9866,4397
9868,7441
9883,7472
9885,7807
9886,1050
9905,6679
9906,5908
9910,4048
9937,3775
9953,3780
9962,3381
9968,3974
9981,8082
9982,169
92,1327
98,1280
117,3163
120,4361
174,8433
185,1549
268,719
272,4210
330,2387
527,3030
565,9893
876,9174
1365,8995
3813,1645
3923,579
4005,4428
9363,4100
9373,927
9395,9133
9403,4207
9408,3047
9419,9246
9425,569
9431,3175
9433,2327
9458,5948
9462,2610
9496,6500
9505,1511
9518,8630
9526,9762
9531,3201
9533,9293
9600,3869
9604,3420
9617,5849
9630,2642
9632,4999
9638,1531
9649,5487
9664,613
9666,5037
9708,5250
9716,2600
9718,3325
9719,2481
9730,995
9731,405
9732,5263
9756,5035
9759,5136
9806,7917
9807,4078
9815,710
9819,3904
9826,9836
9841,8923
9873,1387
9882,7680
9888,5131
9890,9292
9902,9831
9904,1106
9932,8505
9936,9260
9939,9147
9963,8590
9967,3179
9976,8620
9991,9215
9994,331
85,5484
127,4009
130,291
280,5539
290,7585
317,5748
331,5988
335,9131
338,9582
600,6716
971,6144
998,5797
1442,9596
3930,7646
3961,9934
4289,8202
9386,2241
9387,7795
9426,8132
9427,1872
9437,2432
9451,3670
9459,2195
9470,5728
9471,3433
9474,9163
9520,721
9530,7147
9539,9343
9595,2035
9620,7095
9635,6720
9676,4359
9685,9802
9707,5440
9743,4206
9753,8937
9770,9095
9779,7894
9798,6638
9803,6859
9850,7896
9889,4186
9895,797
9907,4137
9917,750
9922,1862
9974,8532
9980,4404
9988,9231
172,2913
3628,8548
3730,461
3731,6287
4177,4189
4215,421
4358,5614
9390,6214
9430,8953
9439,4570
9475,7465
9535,5025
9584,8227
9687,5991
9688,5991
9701,8421
9739,3168
9834,3463
9853,1902
9871,76
9893,1779
115,2000
285,4544
340,7799
9346,4703
9629,5701
9697,6903
9746,8502
52,1323
103,8306
2843,9562
3474,2977
9388,5334
9406,3541
9705,4221
211,799
2260,5270
2263,5284
2264,112
2265,150
2266,2059
2267,7027
2268,7387
2383,9776
2384,8055
2385,4106
2386,3007
2387,3731
2445,4645
2489,1340
2261,5017
2262,8080
4002,9344
475,9992
493,9317
499,6849
508,6840
534,9079
544,511
550,40
559,8983
586,5012
606,6801
635,3705
686,2881
701,5429
717,3819
718,3535
719,2163
744,2748
755,9757
803,5121
814,4402
851,3151
858,7561
874,3172
875,2239
973,5252
974,1628
976,8046
1042,4250
1043,6435
1055,473
1064,4344
1072,3447
1309,439
1317,7955
1349,5652
1360,1198
1368,9029
1441,4905
1519,6785
1532,3667
1564,3570
1729,5059
2524,4529
3024,6721
3027,5383
3505,5179
3656,5599
3678,4423
3711,5497
3801,5403
3802,4652
3832,8674
3859,3171
3863,9129
3883,9971
3885,3750
3913,7803
3971,6576
3985,5554
4074,8192
4077,1584
4089,838
4226,8874
4250,5473
4270,449
4273,7650
4279,6875
4329,2249
4330,3582
4352,3880
4379,6040
4381,4837
4384,9507
4461,1504
4464,7681
4505,4304
4507,1370
4509,8613
4511,2489
4512,202
4514,6093
4517,5072
4518,400
4519,3457
4521,6017
4524,4698
4528,9932
4531,8293
4532,6426
4536,1072
4542,3437
4543,7241
4544,3461
4548,8997
4550,6330
4551,4166
4556,8786
4557,4230
4559,6371
4561,8872
4563,7712
4564,3666
4567,786
4569,6363
4570,3072
4574,5350
4575,1653
4576,930
4577,9846
4578,3776
4579,773
4581,9432
4582,407
4586,3418
4588,8784
4592,5081
4593,8743
4594,2953
4597,352
4598,7175
4600,4301
4602,5114
4604,6884
4605,8134
4610,2604
4612,8268
4617,6354
4620,4848
4624,6189
4629,8982
4632,6107
4636,8752
4637,7468
4638,2690
4639,4272
4641,7309
4643,9097
4647,3912
4648,5505
4650,6700
4658,118
4659,4091
4661,4178
4663,3146
4666,9294
4667,2444
4671,3792
4672,1734
4673,3804
4674,1356
4677,9901
4681,7903
4683,9656
4684,9679
4685,2874
4689,502
4691,8578
4692,2180
4693,4338
4695,4112
4698,7970
4700,2168
4702,5215
4703,4162
4707,3831
4709,4690
4710,6701
4711,2258
4713,394
4715,537
4716,9435
4717,2462
4721,877
4724,9038
4726,6590
4727,4758
4728,2684
4730,3150
4731,4269
4734,3770
4735,937
4738,8536
4742,2704
4744,4841
4746,7494
4747,716
4748,8401
4750,5583
4752,7178
4753,8380
4758,4312
4763,9590
4764,5147
4768,5182
4769,6730
4771,4564
4773,6661
4777,3824
4779,4050
4781,304
4786,4643
4787,9546
4788,5651
4789,6146
4790,8303
4792,27
4795,9403
4798,8837
4799,7792
4800,9718
4806,4328
4808,4723
4813,6988
4814,6364
4815,4111
4819,4448
4820,651
4821,3765
4823,4032
4824,8108
4826,6909
4828,2464
4833,3234
4836,8365
4838,8795
4839,375
4840,3499
4842,2291
4843,4334
4844,7486
4847,2768
4848,7658
4849,5927
4851,2803
4855,1566
4856,62
4857,4205
4858,5077
4861,9393
4862,5533
4863,5412
4869,9876
4873,1700
4874,7825
4876,5792
4877,9198
4879,4003
4880,9289
4881,3368
4887,1651
4889,3931
4891,4796
4893,2454
4894,2517
4895,2567
4898,9752
4899,3427
4900,3820
4903,3679
4906,5524
4911,4439
4912,6766
4913,5329
4916,286
4919,361
4920,9941
4923,5858
4924,9672
4925,4274
4926,6400
4927,2882
4931,9261
4932,6831
4933,3782
4934,5577
4935,5731
4937,7905
4941,1183
4943,8859
4945,6629
4946,4131
4947,7198
4951,1421
4952,7037
4953,367
4955,4454
4956,9120
4957,6457
4958,3395
4959,1459
4960,8892
4962,3166
4965,5976
4968,1218
4969,993
4971,6914
4974,7345
4975,7589
4976,9154
4978,4113
4982,5695
4983,9187
4987,9771
4990,2169
4992,1633
4993,3050
4994,2662
4995,1409
4996,5986
4997,9801
4998,2386
4999,7467
5000,7883
5002,717
5005,441
5011,934
5014,199
5020,9820
5022,5323
5025,9423
5026,5427
5028,3251
5031,7771
5032,165
5033,9081
5038,9074
5040,7710
5041,3906
5043,8993
5044,6067
5048,9760
5050,7517
5051,6885
5052,9994
5053,2232
5055,6324
5057,8976
5059,9015
5061,8689
5062,4811
5066,5026
5067,9020
5068,2245
5069,7046
5070,1233
5071,3111
5072,2523
5075,9798
5076,6994
5078,8010
5079,3509
5080,6877
5081,4258
5082,6633
5083,2735
5086,5001
5087,6871
5088,2957
5089,7139
5091,5357
5092,7192
5094,8623
5097,5256
5098,7183
5099,3140
5105,5453
5108,6982
5110,2032
5111,5864
5113,4902
5114,7326
5116,8218
5117,8032
5119,9078
5124,8817
5128,7325
5132,5688
5133,3104
5136,8247
5137,9947
5144,9821
5150,8900
5151,8057
5153,539
5157,2554
5158,3815
5160,300
5162,9857
5165,7647
5166,9490
5167,558
5168,4120
5170,1197
5173,9272
5174,486
5175,6043
5177,4632
5179,896
5180,3411
5181,2402
5182,8735
5184,4558
5186,1354
5188,5824
5190,6731
5192,8799
5193,6947
5194,1825
5195,789
5197,1713
5198,2586
5199,424
5201,1765
5202,6056
5203,8868
5204,7007
5207,9894
5209,1688
5211,5015
5214,54
5216,7866
5217,9487
5219,5891
5220,5820
5221,5764
5225,796
5226,620
5228,6674
5229,175
5232,1100
5234,9905
5235,510
5236,4188
5238,7735
5244,7804
5245,981
5248,9677
5249,1513
5250,4532
5251,6127
5252,7292
5256,4449
5258,6367
5259,1638
5261,433
5264,9453
5265,1223
5268,41
5269,2751
5270,6808
5274,319
5276,9702
5277,940
5278,9545
5279,5808
5280,7617
5281,8007
5284,5228
5285,3208
5286,3374
5287,16
5291,9379
5292,9682
5293,6404
5294,7722
5295,2165
5298,2637
5301,9377
5303,2559
5305,8748
5307,2190
5308,722
5309,2515
5310,8389
5311,6137
5314,1140
5315,8537
5317,5416
5319,1329
5320,6542
5321,9457
5322,8696
5325,2039
5326,8183
5327,1302
5328,6280
5329,5177
5332,3784
5335,8121
5336,2304
5339,5883
5340,170
5341,3884
5344,9607
5347,7474
5350,4172
5351,7537
5352,2935
5354,4134
5355,7395
5356,9742
5357,1887
5359,812
5360,9467
5361,4619
5362,5940
5363,8235
5364,1543
5365,9832
5368,1884
5369,3758
5370,8127
5372,5547
5374,5061
5375,6145
5376,5407
5378,6485
5379,2796
5380,1992
5381,4658
5382,2925
5384,2493
5385,7802
5390,1648
5392,4584
5395,9973
5396,6503
5397,3966
5398,3157
5399,881
5401,6837
5403,3060
5404,9047
5406,4035
5407,8939
5408,4914
5409,5650
5411,8865
5412,240
5414,3209
5415,9236
5448,1963
5451,9617
5452,4516
5453,50
5454,5542
5455,5681
5457,3037
5459,4169
5460,4543
5464,9273
5465,2110
5466,7463
5469,6187
5471,9985
5474,4124
5475,4348
5478,4045
5479,106
5480,4421
5482,1523
5483,6644
5484,8165
5485,7951
5486,5687
5491,1301
5494,7029
5496,2844
5497,6673
5501,6938
5502,5441
5503,1889
5506,959
5507,9516
5511,8122
5512,1691
5514,4084
5515,1456
5516,9429
5847,1243
5848,1837
5856,8130
5858,962
5864,5573
5867,9001
5873,1467
5879,6343
5880,9987
5881,9495
5883,3393
5885,232
5886,8766
5887,2644
5888,1776
5889,2668
5890,8916
5891,5489
5893,7415
5895,2093
5896,7765
5897,986
5898,483
5899,9212
5900,8248
5902,8530
5908,6254
5910,8311
5911,9356
5912,3739
5913,9859
5914,4818
5918,1990
5919,6135
5921,3263
5925,509
5929,3864
5938,6695
5941,1208
5944,548
5948,5873
5954,5875
5967,8086
5968,5790
5969,8617
5971,2341
5972,6546
5973,6874
5976,2780
5977,6881
5991,3578
5993,4219
5994,4463
5995,4299
6002,9944
6004,6986
6010,1186
6016,1977
6017,4118
6021,612
6024,6338
6029,4102
6035,6477
6044,9137
6047,6301
6048,1104
6049,8632
6050,4522
6054,6385
6057,6769
6070,9456
6071,6325
6086,8779
6087,3888
6091,3018
6093,2802
6102,1682
6105,2276
6109,3671
6110,9031
6129,7272
6137,565
6144,2558
6153,6892
6176,3838
6177,3220
6182,3655
6183,2729
6186,3991
6199,3657
6204,6682
6215,1032
6216,1240
6234,3970
6242,1333
6255,1390
6261,6449
6270,8945
6280,5568
6281,2616
6287,5277
6288,715
6290,5076
6291,2583
6297,1526
6314,1772
6317,9331
6318,2069
6323,3269
6340,9498
6344,9210
6360,2345
6361,6567
6365,5448
6382,9414
6383,2220
6384,5822
6409,9906
6410,9959
6418,699
6419,8265
6425,7455
6430,8239
6434,8810
6436,5674
6440,2184
6447,3635
6455,6726
6472,9148
6485,6990
6487,4683
6490,5208
8044,854
8057,2095
8073,7565
8075,1794
8157,7243
8180,5919
8194,8599
8205,4967
8322,4980
8339,8329
8410,5852
8411,3834
8417,3749
8418,1375
8424,1972
8425,8069
8431,2488
8448,1574
8468,7335
8479,4167
8539,3142
8551,418
8552,3730
8561,3432
8574,6437
8583,2205
8591,5337
8609,2253
8613,9185
8615,1274
486,6395
488,2922
535,2279
558,1959
617,2282
637,266
649,3615
721,3558
984,703
988,7860
1007,5776
1031,8601
1073,7254
1300,6786
1522,4745
2895,1610
3196,2492
3470,2194
3507,8025
3542,2518
3577,3514
3650,2438
3660,2348
3825,5704
3826,950
3858,3777
3877,8120
3878,3917
4022,9587
4049,5294
4052,9295
4158,2885
4214,4881
4228,1933
4314,5698
4506,7340
4508,6283
4510,9591
4513,1567
4515,8022
4520,6058
4522,903
4525,1942
4526,7678
4533,6758
4534,6446
4535,7120
4538,1613
4539,3818
4541,1336
4546,4701
4549,2200
4554,2471
4565,4071
4573,2355
4580,5666
4584,2218
4585,3963
4599,9663
4601,3134
4603,2106
4606,542
4607,9982
4611,5661
4614,8777
4615,6549
4618,8172
4623,6533
4628,3579
4630,6696
4631,4830
4633,616
4634,6819
4635,4512
4642,4798
4644,6688
4646,6719
4649,5939
4651,5322
4652,3268
4655,7878
4656,6723
4662,4893
4664,9649
4665,9347
4668,9257
4680,5459
4686,3387
4688,3487
4694,7746
4699,7989
4704,9896
4705,9535
4706,1746
4712,8133
4718,7153
4720,1951
4723,5055
4736,5648
4740,6161
4749,3673
4751,2177
4754,6346
4756,9540
4760,8746
4761,9642
4762,8730
4765,6309
4767,6811
4770,7566
4772,1016
4774,6663
4775,5087
4776,6136
4778,6538
4782,9306
4784,7331
4791,5515
4793,1709
4794,894
4797,5125
4802,1627
4803,3839
4805,3608
4810,8849
4812,5804
4817,1440
4818,4393
4822,2800
4827,9691
4829,1952
4830,6319
4837,9384
4841,5364
4852,3937
4853,5161
4854,3703
4859,8026
4866,5170
4867,2902
4872,6860
4878,4466
4882,5763
4883,8628
4890,1125
4896,1382
4897,9975
4901,6727
4902,7159
4907,5579
4908,3873
4909,488
4914,3985
4915,3896
4917,6192
4922,8581
4928,1458
4930,4321
4940,119
4942,7890
4950,8721
4954,8522
4963,4259
4964,5950
4966,8259
4967,7596
4972,1808
4977,8596
4979,7089
4980,1768
4981,8906
4984,2502
4985,3213
4988,3200
4989,4256
4991,2541
5001,6872
5006,108
5007,1647
5010,78
5018,8860
5019,8036
5027,2477
5029,9870
5030,778
5036,4083
5037,7562
5042,2376
5047,8190
5049,5009
5054,5115
5056,4875
5060,452
5064,9692
5074,7312
5077,6438
5084,6654
5085,2613
5093,8094
5095,9740
5096,6166
5100,2484
5102,8081
5104,2546
5106,5103
5107,938
5109,7699
5120,129
5123,2092
5125,665
5129,9364
5131,4743
5138,8467
5139,4636
5140,7830
5142,4418
5143,100
5146,2822
5148,2576
5154,8432
5161,8788
5164,6392
5176,110
5185,1881
5187,5338
5191,4362
5196,9584
5200,2359
5208,7770
5210,7065
5213,9125
5215,6394
5227,2746
5237,644
5239,3066
5241,5747
5246,2369
5247,5697
5253,4281
5254,6271
5255,4143
5257,1532
5262,3569
5263,9885
5266,4886
5267,5216
5271,7745
5272,5746
5273,804
5275,9196
5282,1007
5288,5264
5289,1966
5290,2054
5297,7643
5299,5313
5300,7310
5302,3246
5304,221
5306,664
5312,6436
5313,705
5318,7487
5324,5658
5330,2697
5331,7075
5333,4376
5337,9913
5338,9861
5342,4583
5343,6064
5345,4094
5346,3736
5348,8754
5349,8665
5353,2189
5358,7523
5366,3162
5367,6293
5377,4062
5387,674
5393,4399
5394,907
5402,1035
5405,7182
5410,5813
5413,5861
5446,4900
5449,7365
5450,3095
5462,9091
5468,5266
5470,4514
5473,7238
5476,6807
5481,3982
5488,4240
5490,7541
5495,9010
5499,2612
5504,5315
5505,6932
5508,3074
5510,1160
5850,9745
5852,1113
5853,743
5854,4504
5857,4147
5865,2629
5866,2364
5869,1024
5870,7373
5872,5686
5874,2895
5882,6282
5894,6609
5904,4461
5915,6259
5916,2118
5920,9065
5934,6983
5942,9099
5945,5195
5961,7518
5966,6904
5975,6036
5985,7817
6006,5879
6019,4665
6020,9706
6023,7536
6028,8154
6030,1575
6034,6692
6058,4490
6060,9439
6062,4038
6063,1622
6090,9011
6095,8914
6103,5200
6106,2225
6117,8494
6121,1080
6123,8579
6124,7470
6141,9363
6145,5595
6148,1099
6159,1441
6167,2052
6184,426
6185,2266
6197,9504
6198,8302
6203,7507
6269,9708
6276,9044
6289,5307
6302,3472
6338,551
6339,3282
6355,359
6356,91
6371,4929
6424,3341
6431,3109
6464,9676
6489,6195
6493,9389
8043,3922
8159,9750
8161,7246
8193,6632
8401,6030
8433,89
8444,5423
8546,5417
8550,6312
8603,6351
8614,1614
474,1287
538,5112
545,8356
813,2482
817,6768
867,6948
1012,1901
1361,9466
1439,1654
2525,9026
3078,4972
3086,2756
3392,7806
3506,5970
3574,5563
3578,2884
3654,7297
3882,1891
4284,1180
4409,9624
4516,8037
4523,8366
4529,4940
4547,7478
4553,6012
4568,2555
4583,0
4587,9887
4590,1307
4591,6529
4595,9625
4596,4307
4608,5501
4613,8843
4616,7081
4619,4459
4621,48
4622,9521
4625,5796
4640,5685
4654,5958
4657,2596
4660,8774
4670,3852
4675,6349
4679,6867
4682,1795
4690,5366
4697,5293
4701,1554
4708,4318
4725,392
4733,8013
4741,6717
4745,2244
4783,5998
4796,2204
4801,7767
4807,5831
4809,209
4811,8221
4825,9738
4832,6943
4835,6636
4860,3064
4865,686
4871,5119
4875,8690
4886,4204
4888,6569
4904,3407
4905,8809
4910,4840
4938,1801
4939,1206
4944,3125
4949,4417
4970,9153
5004,8793
5008,3312
5012,115
5013,2112
5017,8291
5021,7231
5023,2655
5024,2776
5039,9678
5045,5615
5058,3844
5073,8896
5090,5732
5115,7833
5121,139
5126,6952
5127,3326
5130,8031
5135,2326
5145,2553
5152,504
5155,1785
5156,185
5163,5197
5183,3907
5218,2162
5223,5067
5224,8403
5233,8079
5242,5356
5243,6626
5283,8826
5373,9633
5386,8758
5388,1278
5389,4618
5444,3711
5445,21
5447,4817
5456,2142
5458,6662
5467,2213
5487,9000
5498,1782
5509,2447
5513,4599
5843,6690
5862,8974
5868,6337
5871,1704
5878,1593
5884,7649
5907,7916
5922,6119
6015,6200
6018,4943
6059,5994
6104,2506
6147,8702
6151,3522
6155,7708
6162,9569
6171,7697
6191,134
6250,8946
6347,1519
6378,9875
6414,810
6492,6856
8058,65
8329,342
8419,4510
8470,6894
8537,1
578,8243
590,6306
855,6305
1314,6481
4105,4866
4227,994
4527,5840
4530,7021
4540,5987
4558,7047
4626,5907
4676,819
4687,3101
4719,5671
4722,6002
4743,9378
4755,9088
4757,1792
4766,6826
4785,7553
4804,8836
4870,7196
4892,6548
4929,8429
4948,2873
4961,9421
5003,8717
5034,5823
5103,7753
5112,803
5134,1207
5147,3138
5149,1555
5159,8882
5172,1191
5189,8984
5205,5163
5206,7234
5231,7265
5240,313
5296,9686
5316,5098
5371,2406
5400,8452
5493,7500
5924,6062
5943,3867
6061,5150
6088,6186
6142,3122
6161,5159
6172,147
6205,2513
6217,6597
6284,3116
6305,5297
6316,7659
6413,2888
6420,6927
8590,7262
551,9369
720,1802
1367,1618
2839,438
3076,2474
4192,7931
4537,57
4552,7385
4555,8171
4560,9505
4571,1230
4572,8376
4589,5604
4653,6398
4669,9422
4678,6844
4696,5006
4714,3694
4729,1698
4737,7798
4759,8378
4780,2261
4816,9030
4834,3494
4845,7622
4864,1220
4885,5418
4921,9543
4986,157
5171,3664
5260,9239
5463,8253
5472,5639
5892,9943
5930,2378
6053,4916
6152,341
6208,2912
6254,3388
6315,7560
537,7998
4627,9557
4739,8854
4846,4228
4884,6771
4918,45
5016,1766
5118,1046
5334,8381
5859,6890
6200,1680
8048,6963
3921,5525
4562,4154
4609,617
4973,2299
5046,7558
5063,4671
5122,2460
5169,6764
5323,5565
5383,6173
5477,8275
5492,4918
5855,8894
6192,541
4566,7349
4732,7285
4831,1930
5035,1762
5065,7194
5178,8200
5212,9144
5461,1285
6092,2248
6248,2248
8163,4654
4850,9118
4868,8315
5222,7333
5391,1086
6429,2325
8039,581
1759,9433
1761,5997
1762,5278
1763,4962
1764,671
1765,4816
1766,6416
1767,9593
1768,9609
1769,6537
1770,1921
1771,5054
1772,5008
1773,5314
1774,7216
1775,9721
1777,7546
1779,1011
1782,3102
1783,557
1784,9781
1785,7616
1786,5895
1787,6906
1789,8741
1790,7872
1792,8525
1793,8875
1795,7983
1796,942
1798,3771
1799,4255
1800,3328
1801,7371
1802,5938
1803,6034
1804,7428
1807,9910
1808,4708
1809,9090
1811,624
1812,5446
1813,4086
1814,3043
1815,9179
1817,8877
1818,5865
1819,5241
1820,7341
1822,1655
1823,4586
1824,1083
1825,8930
1828,245
1829,6109
1830,4457
1832,3513
1833,5379
1834,2426
1835,5556
1836,7314
1837,5592
1838,8330
1839,948
1841,5766
1843,413
1845,7568
1846,8453
1847,7499
1848,4898
1849,484
1851,764
1852,9395
1853,6624
1854,7452
1855,7932
1856,2641
1857,2202
1859,1732
1860,7227
1861,9501
1863,7762
1864,4068
1865,5608
1866,6433
1867,7357
1869,6370
1870,9900
1871,7841
1872,5396
1873,6653
1874,107
1875,6327
1876,7571
1877,7032
1880,9560
1882,5097
1883,4271
1884,8589
1885,9696
1886,9227
1888,4823
1890,9869
1894,3885
1895,7986
1896,4435
1897,2618
1898,8115
1899,6332
1900,2593
1901,8458
1902,6083
1903,9228
1904,2674
1905,2997
1906,4847
1907,9375
1908,6289
1909,3797
1910,7390
1912,4064
1913,3576
1914,1429
1916,397
1917,7501
1918,4327
1921,7193
1922,5495
1923,238
1924,9334
1926,3726
1927,6619
1928,3280
1930,1626
1931,3878
1933,290
1936,1807
1938,1730
1957,7174
1959,68
1960,3417
1962,1477
1964,5933
1965,7592
1966,8796
1968,5735
1969,8954
1970,2033
1971,3681
1972,1026
1973,7477
1974,5951
1975,4311
1976,7404
1977,2224
1978,2747
1979,3759
1980,4710
1981,1877
1982,120
1983,1254
1984,6147
1985,8486
1988,9767
1992,4751
1993,4329
1994,5714
1996,4238
1997,9156
1999,2569
2000,7999
2002,2825
2004,919
2005,6023
2006,7884
2007,3180
2008,8255
2009,1892
2011,8336
2012,1420
2013,6806
2014,8070
2016,6780
2017,700
2018,642
2019,9912
2020,4059
2021,4268
2022,1637
2023,5892
2024,5432
2025,4824
2026,1097
2027,5591
2028,2682
2029,6315
2031,6966
2032,2529
2033,788
2034,3602
2035,5954
2036,9222
2037,2640
2038,8204
2041,757
2044,8608
2045,101
2047,3725
2048,1557
2053,6733
2054,9059
2057,4982
2068,3277
2086,9449
2087,3536
2098,8573
2099,2255
2102,8445
2103,4248
2105,6335
2106,2772
2107,7018
2109,6550
2110,4624
2111,263
2112,3934
2113,9960
2114,2046
2116,415
2117,9880
2118,8307
2119,9552
2120,3232
2122,258
2123,5778
2125,918
2126,7041
2127,6572
2128,8501
2129,2924
2130,822
2131,3426
2132,1498
2133,7604
2134,5130
2135,2624
2136,3061
2137,7466
2139,7036
2140,6428
2141,4542
2142,6353
2144,2132
2145,5152
2146,1598
2147,9340
2150,7143
2151,4741
2155,8719
2160,2065
2161,1935
2162,5457
2164,411
2165,9984
2166,9681
2167,5384
2169,272
2170,5306
2172,3156
2173,6854
2174,6976
2175,2222
2176,5754
2178,5660
2179,6935
2180,2351
2183,8582
2184,4557
2185,2728
2186,7933
2188,8173
2190,9182
2191,5870
2196,9924
2199,7874
2200,5953
2202,845
2203,2226
2204,4296
2205,4747
2207,1135
2208,5500
2209,8238
2212,5774
2217,8059
2219,9167
2220,8819
2221,1201
2222,9520
2224,4897
2225,2545
2226,8981
2227,8876
2228,5309
2229,9856
2230,2417
2231,3304
2232,2753
2233,8219
2234,5498
2235,8341
2236,4075
2237,7308
2238,1809
2239,23
2240,4541
2241,8980
2243,530
2245,6487
2246,3639
2249,385
2250,5043
2251,2828
2252,5258
2255,234
2258,7291
2259,2999
2269,4565
2270,9618
2271,604
2272,3512
2273,8897
2274,1052
2276,963
2278,1410
2279,2161
2285,2051
2286,7701
2288,1403
2290,9190
2291,2575
2293,8327
2302,6898
2303,747
2306,9872
2307,3747
2309,2891
2310,6310
2312,5680
2313,5036
2314,5758
2316,5944
2317,9710
2321,5218
2322,9879
2324,2026
2327,5839
2331,774
2333,9305
2335,820
2340,6787
2342,2455
2344,9793
2345,2534
2349,1535
2351,7545
2352,687
2356,1058
2359,3714
2360,1928
2376,905
2388,2430
2389,8753
2398,1630
2399,1304
2404,8853
2410,4989
2411,8355
2432,8194
2443,2692
2449,5785
2450,2940
2451,3334
2452,4589
2454,8054
2460,3182
2465,4374
2467,24
2468,7530
2471,9040
2473,2469
2478,2285
2479,4506
2497,2733
2527,6577
2528,4303
2905,3626
2911,7424
2913,1973
3079,9712
3190,6387
3269,524
3271,7974
3273,1937
3429,2013
3430,593
3441,7840
3471,1916
3554,1911
3556,1211
3602,9223
3610,7704
3611,987
3626,6464
3651,775
3653,7593
3679,7362
3680,1797
3715,7671
3717,808
3720,1993
3721,5519
3722,3692
3724,7737
3728,3552
3750,5745
3751,4494
3752,7935
3804,8097
3805,6418
3806,4591
3807,3875
3810,9075
3818,6281
3828,7336
3861,3464
3899,2918
3905,9121
3907,876
3909,4280
3910,9354
3911,3807
3914,3098
3916,220
3918,8996
3919,4247
3939,6853
3940,4520
3942,4733
3943,9277
3986,8658
3987,2015
4075,2143
4088,4018
4092,9637
4124,469
4283,4987
4301,7591
4302,9468
4412,3996
4466,9470
4471,231
4490,3080
1760,3385
1778,3441
1780,6396
1781,4534
1794,1156
1797,8482
1842,1539
1850,5582
1889,614
1920,474
1925,6598
1932,9804
1934,9134
1935,7369
1937,2182
1961,718
1989,3877
1990,681
1991,6777
1995,5180
2001,1493
2003,7574
2070,2031
2100,5527
2101,9374
2138,8105
2171,6010
2218,8529
2253,4385
2330,6922
2339,3119
2350,9017
2366,9825
2375,8465
2458,9008
2507,7968
1776,6295
1788,5752
1791,6471
1805,3565
1806,6600
1816,639
1821,4795
1826,9638
1827,2068
1831,9241
1844,7519
1858,7542
1879,6606
1929,4620
1939,2397
1958,8631
2015,6169
2030,9431
2043,2424
2046,215
2049,1804
2104,9709
2108,696
2143,1788
2148,956
2163,6742
2168,3132
2177,5887
2181,5390
2182,3918
2192,8503
2194,9847
2195,3128
2223,4805
2248,870
2305,3698
2318,5837
2338,8831
2403,4915
3881,6505
3908,4467
4090,2547
4123,9068
4465,1753
1887,7079
1893,7881
1911,7510
1915,3828
1963,9229
2010,9312
2042,6232
2115,1311
2121,7063
2159,6552
2193,9255
2210,7633
2242,500
2247,2621
2289,6300
2323,4132
2325,6524
2355,2363
1919,2050
1967,5679
2277,9259
2308,9494
2448,8667
2506,1681
1878,7396
1881,6020
1891,1054
2187,3305
3827,2307
4460,9559
1862,5279
1892,6588
2149,961
2244,2899
2254,2899
2315,171
3075,9142
1868,2808
2381,4958
2213,6377
286,7054
46,445
50,9274
95,7346
131,2681
178,4076
230,3243
275,4825
284,920
315,3636
337,3712
342,2100
470,9285
663,7672
664,9034
1062,4173
1467,4419
1468,2982
1475,4614
1476,7410
1675,5056
2535,2836
3077,874
3136,2535
3603,9263
3758,3356
3776,3587
3809,4063
3840,2418
3879,366
4194,8673
4222,1224
4259,8909
4296,2815
4451,376
616,9459
3787,7725
4111,9096
4252,2012
1565,4046
4268,2192
206,7248
4333,5240
645,2274
3677,4416
4431,6703
4432,6094
5417,4022
5418,9981
5419,7220
5420,2141
5421,5610
5423,9652
5426,9782
5427,4931
5428,9541
5429,8182
5430,3124
5431,9335
5432,4413
5433,1833
5434,1607
5435,3556
5436,7152
5437,2560
5438,8986
5440,3612
5441,2196
5443,2571
5500,8156
5901,8987
5959,4430
5970,9753
5983,6945
5984,7329
5990,9866
6169,5345
6346,7939
6381,1290
8050,3082
5416,1147
5442,2199
5439,5162
5422,8283
5424,2372
5425,8751
360,3077
361,3392
362,8765
363,6608
364,4997
365,3324
367,9512
368,1544
369,8244
371,692
372,5566
373,7085
374,9089
376,7926
440,4948
441,4223
442,7776
445,4912
446,4487
454,9480
458,1315
460,8267
733,8019
4487,672
370,2725
375,5572
450,9267
453,8950
377,6185
444,6805
468,1412
366,3204
449,3543
473,8095
533,946
613,8392
2529,1297
3957,8842
4157,9203
4416,5941
4456,676
4483,654
7914,8495
7915,3062
7916,409
7917,3245
7918,6763
7922,1819
7926,456
7929,2256
7930,5588
7931,9500
7933,850
7934,6202
7937,9162
7939,2737
7940,6778
7942,8425
7943,648
7945,4394
7947,4781
7950,5185
7952,6077
7954,2966
7955,8211
7957,9865
7958,1658
7960,9659
7962,916
7964,966
7966,1238
7967,9372
7968,1583
7970,3469
7971,2622
7973,3252
7974,5696
7975,6347
7977,6467
7978,1293
7980,5580
7983,8904
7984,5675
7987,2320
7993,6184
7994,3791
7998,9149
7999,8045
8006,8524
8008,9290
8010,4266
8011,2207
8012,6965
8014,2992
8015,8438
8016,1288
8019,8523
8020,2672
8022,1395
8023,3832
8024,8611
8025,3601
8026,4242
8027,7135
8029,8454
8030,6466
8033,9918
8187,7376
8467,7543
8473,4262
8544,6297
8584,9348
1440,8612
3786,6284
4467,3495
7919,3075
7920,6897
7921,6916
7923,2851
7925,7134
7927,9037
7932,3329
7951,767
7961,1372
7965,3240
7976,9655
7981,1475
7985,8857
7988,5363
7989,5772
8002,7200
8005,7827
8007,2743
8018,8170
8028,3524
8074,4289
8555,5253
700,1940
7928,8058
7936,6472
7941,36
7944,5140
7948,9919
7949,9368
7953,5326
7959,8663
7969,2134
7972,6365
7979,526
7982,5246
7995,1796
7996,1586
8000,7005
8003,7540
8009,5627
8013,3654
698,8420
3714,9951
4160,3978
7924,4675
7956,3222
7986,9980
7991,5073
7992,871
8001,515
8004,9807
8021,7255
7935,602
7938,2212
7946,6543
7963,6564
7997,5064
1316,6507
4288,4934
4327,5126
8017,2446
1382,5818
1383,1466
1384,355
1385,4355
1389,9370
1391,3242
1393,2817
1394,2393
1395,3964
1396,834
1398,1529
1399,1541
1400,8472
1402,2914
1403,566
1404,1282
1405,5486
1406,3849
1407,4785
1409,8109
1410,4369
1413,4140
1415,2091
1416,6570
1418,9553
1419,9544
1672,1219
2842,6515
3014,6585
3123,8231
3124,880
3125,5691
3127,5382
3129,1969
3389,3891
3425,2793
3567,7052
3681,4755
3682,2943
3823,1880
3856,1918
3894,8347
3897,8885
4020,4057
4021,1573
4050,8386
4101,4569
4142,6873
4174,967
4254,2954
4257,2698
4287,826
4312,8362
4447,183
4448,1414
4496,7555
1386,2883
1388,7637
1397,4008
1411,3358
1412,3320
1414,6949
1417,2186
1420,5005
3427,8114
3499,7991
3570,1908
4253,1999
4297,61
4446,7261
1387,3515
1390,4161
1408,2635
4143,4161
3896,8714
4346,670
1401,346
1392,2028
2716,1499
2718,5319
2719,5051
2720,3843
2721,5164
2722,2592
2723,5187
2724,7907
2725,6264
2726,1931
2727,7853
2728,7854
2729,769
2730,2833
2731,337
2732,1394
2734,408
2736,1548
2745,8572
2746,7824
2747,6112
2749,3975
2752,7366
2774,4872
2775,8912
2777,2201
2780,3572
2782,9093
2788,2030
2796,2392
2798,5862
2813,4332
2820,1827
2822,9383
3667,4664
2733,949
2757,9485
2768,1138
2779,6180
2793,9717
2713,3929
2715,8050
2717,2004
2735,9976
2805,326
2712,4547
2714,4286
332,14
347,3477
471,887
487,4880
489,4986
506,6601
517,1671
726,1279
1032,1896
1074,600
1319,4089
3510,5878
3544,8441
3547,3255
3548,7283
3549,8706
3550,4224
3551,454
3632,6314
3658,3599
3718,1258
3719,5707
3811,4309
3833,7966
3843,1634
3844,6520
3865,2002
3934,5536
3954,7408
3963,3141
3984,7155
4024,9621
4048,1444
4078,8607
4113,2421
4119,6480
4159,8970
4195,9417
9071,432
9228,4727
1299,6008
727,2971
886,3898
1071,5065
3983,6825
4031,2479
4118,7077
9030,1038
732,3733
3808,9904
3831,5242
4033,2289
348,3130
585,8199
7828,3408
7829,2038
7860,6453
7861,7921
7862,9382
7863,1202
7864,5160
7865,1571
7866,5452
7867,7662
7868,1838
7869,1517
7870,3732
7871,2427
7872,1425
7873,5330
7874,1129
7875,3397
7876,3932
7877,2711
7878,5943
7879,9324
7880,4921
7881,8500
7884,8564
7886,4531
7887,3322
7888,864
7889,7251
7890,9106
7891,4145
7892,8878
8175,1435
8185,7607
8317,1008
8437,1976
8451,9268
8452,2490
8454,3994
8455,1624
8456,8003
8457,5371
8458,4254
8459,9411
8460,5502
8461,93
8462,4666
8463,7602
8464,1463
8465,4587
7882,6053
7883,9392
8453,9635
7830,4752
7885,8880
32,6835
41,9925
42,1820
55,8731
113,1649
119,6882
124,5226
125,6511
136,3377
159,7165
169,3817
180,3547
183,4054
184,5425
210,6754
219,1249
220,6115
233,5713
238,6491
270,122
276,9909
279,8808
304,131
316,1623
319,7976
469,2709
528,5393
543,9968
620,7664
659,73
661,2027
662,7630
715,4954
747,1728
1014,1692
1015,9695
1021,9614
1044,440
1070,9814
1308,9571
1436,675
1438,6084
1443,4941
1680,204
1734,372
3275,2379
3571,2410
3575,4630
3712,5265
3716,7306
3759,9931
3777,8889
3778,2898
3829,7667
3900,2967
3932,5996
3964,1105
4179,3178
4181,2005
4197,6473
4305,2036
4311,2415
4410,3063
4435,661
4452,9005
4458,4331
4500,2070
8622,4115
8623,645
8624,31
8625,7686
8626,1281
8627,904
8628,6159
8629,6901
8630,4409
8631,443
8632,7218
8633,1581
8634,9759
8635,9654
8636,250
8637,4686
8638,7859
8639,9950
8640,6201
8642,882
8643,7625
8644,8085
8645,1545
8646,9266
8647,3756
8648,6683
8649,4121
8651,7920
8652,9898
8653,6238
8654,7288
8655,7232
8658,7205
8659,8813
8660,1885
8661,5482
8663,7688
8664,1455
8665,4123
8666,4673
8667,6099
8668,8015
8669,4253
8670,5251
8671,6229
8673,8962
8674,7570
8675,7842
8676,2598
8682,5947
8684,7837
8686,3591
8687,8533
8688,8240
8689,8499
8690,1401
8697,7203
8698,658
8699,1326
8700,60
8701,5071
8704,6534
8705,261
8706,6215
8707,1606
8708,818
8709,7654
8710,7259
8711,1350
8713,8801
8714,4502
8715,3625
8717,172
8718,7348
8719,8577
8721,9116
8722,2775
8723,5405
8725,8543
8726,5809
8727,64
8728,1257
8729,2720
8731,5300
8733,6031
8735,1445
8736,6566
8737,4175
8738,6747
8739,6388
8740,3045
8741,9952
8742,3311
8743,7548
8744,9680
8745,1652
8747,2293
8748,5091
8750,2686
8751,817
8752,5335
8753,3164
8755,3490
8756,4498
8758,564
8759,2581
8760,6804
8761,3403
8763,6274
8764,2719
8765,8649
8767,7334
8768,4146
8769,968
8770,6820
8771,3117
8772,6065
8773,6142
8775,3370
8776,4234
8779,3011
8780,2670
8781,9788
8782,2300
8783,9822
8784,8979
8785,7834
8786,3700
8788,1078
8789,922
8790,6409
8791,912
8792,9254
8793,3186
8794,2745
8795,4411
8796,2650
8798,8998
8799,4308
8800,448
8801,7322
8802,7323
8804,7078
8805,8150
8806,8220
8807,5744
8808,8371
8809,5053
8811,1905
8812,9309
8813,8990
8814,7281
8815,2
8816,7244
8817,242
8818,3046
8821,3026
8822,622
8823,4156
8824,9737
8825,2075
8826,8332
8827,1814
8828,4317
8829,9301
8830,1402
8831,8005
8832,4265
8833,3127
8834,3836
8841,2996
8842,1025
8843,8489
8844,2495
8847,4485
8849,1018
8850,7631
8853,5653
8854,8051
8855,2685
8856,532
8857,7383
8858,8616
8859,8792
8860,7073
8861,6227
8862,6911
8863,5640
8865,3126
8866,9287
8867,3921
8868,3715
8869,9991
8871,222
8872,7317
8873,3412
8874,1241
8875,3294
8876,9297
8877,1857
8878,9630
8881,3497
8882,5308
8883,5625
8884,7685
8886,8680
8887,1580
8888,8148
8890,8603
8891,8545
8892,2948
8893,9217
8894,5348
8895,7913
8896,164
8897,973
8898,4909
8899,839
8900,7324
8901,188
8902,1400
8903,7107
8904,9799
8905,5137
8907,2736
8908,7109
8909,6876
8910,1927
8912,5980
8914,2832
8915,9841
8916,1679
8917,5921
8918,4437
8919,492
8921,6647
8922,2766
8923,6051
8924,4735
8926,4024
8928,9484
8929,4836
8930,437
8932,7287
8933,4637
8935,7728
8936,5828
8937,46
8938,4037
8939,1846
8940,4990
8941,4775
8942,2566
8944,3802
8945,3012
8947,2425
8948,3724
8949,9954
8950,6484
8951,3840
8953,1116
8954,422
8955,704
8960,3115
8961,8668
8963,4432
8964,7811
8965,2790
8968,141
8969,8335
8970,3503
8971,8292
8972,4767
8973,3870
8974,1363
8975,1660
8976,2638
8977,1143
8978,5374
8980,3317
8981,2468
8982,7031
8983,3100
8985,615
8988,2172
8990,4460
8991,5779
8992,5353
8993,9398
8994,6451
8995,7242
8996,9574
8997,7388
8998,5738
8999,4575
9001,5398
9003,320
9004,3933
9005,7393
9006,2223
9007,1497
9008,5511
9009,1150
9010,7666
9011,219
9012,8958
9013,6866
9015,2706
9016,9744
9017,5926
9018,9502
9020,1914
9021,7491
9022,5541
9023,4412
9024,8862
9026,9730
9029,6019
9032,9945
9033,5431
9034,7923
9035,6499
9036,316
9037,4017
9038,9191
9039,5183
9040,8234
9042,1082
9046,2791
9047,5435
9048,1789
9050,3879
9051,4938
9052,9341
9053,6592
9055,2020
9056,5609
9057,8769
9059,1968
9060,8317
9061,3960
9062,225
9063,8490
9064,7901
9065,3795
9066,8811
9067,9883
9068,2509
9070,6252
9074,3789
9075,1621
9076,1828
9077,7948
9079,4615
9080,5317
9081,5974
9082,1556
9083,3029
9124,6691
9125,8898
9131,4648
9135,1957
9136,8098
9138,926
9139,3249
9140,5328
9141,4550
9142,971
9143,848
9144,1725
9145,7855
9146,5911
9179,7618
9180,4964
9181,7868
9183,4791
9184,1714
9186,9523
9188,3594
9189,3886
9191,5722
9192,8747
9193,7551
9194,1879
9196,833
9198,547
9201,2409
9202,2978
9204,2231
9205,4981
9207,6855
9209,3253
9211,1758
9212,2915
9217,3735
9219,3620
9220,167
9221,6745
9223,633
9230,6199
9231,3721
9235,3442
9239,5514
9242,8284
9243,8325
9244,7632
9245,7130
9246,2599
9250,9583
9253,9525
9255,4049
9256,294
9257,2338
9258,2111
9261,9993
9262,9109
9263,3112
9265,2335
9266,8640
9267,3445
9268,3652
9269,2782
9272,744
9275,7364
9277,5721
9281,729
9282,2794
9283,4553
9284,2941
9285,7946
9288,6095
9289,5458
9297,4337
9299,1668
9301,6702
9302,5723
9303,4116
9306,9645
9307,3149
9309,4163
9311,4053
9312,1192
9313,379
9314,5664
9315,4526
9316,98
9319,8933
9320,305
9321,5848
9322,5825
9324,2647
9325,8952
9326,702
9327,4306
9328,6197
9329,2358
82,7168
320,9165
328,8091
536,656
690,2843
3956,1225
8657,9515
8672,2850
8681,9214
8702,9688
8730,5476
8746,9748
8757,1950
8762,2271
8777,2498
8778,7879
8797,3384
8803,4631
8810,2503
8819,6961
8820,5952
8845,5434
8864,8821
8870,5189
8885,9660
8911,782
8927,4277
8934,9580
8958,4527
8962,5047
8966,6206
8967,8167
8984,2247
8989,8477
9000,693
9014,6568
9019,1226
9025,4133
9031,2574
9045,2510
9049,8935
9054,3197
9129,3660
9229,5981
9236,6760
9248,6814
9276,9567
9292,2991
9293,2876
9300,514
267,9641
531,9275
1310,1798
3191,7212
4378,3845
8641,7512
8656,427
8680,4300
8683,7761
8712,3195
8716,707
8724,6103
8732,7575
8734,2539
8754,7987
8774,1248
8838,807
8846,8439
8851,4556
8880,513
8906,354
8913,6356
8925,9795
8931,3550
8957,3961
8959,3229
8979,7087
8986,5142
8987,4635
9002,8385
9027,5205
9058,2191
9128,1983
9182,7413
9187,736
9208,8475
9251,6060
9264,5553
9317,801
274,9908
307,5490
4269,1212
8679,5466
8685,4232
8691,5593
8692,2089
8693,8585
8694,1377
8787,6603
8839,1136
8920,4852
8946,9493
8952,480
9028,3088
9041,8593
9044,2544
9073,3604
9078,2628
9137,6513
9234,1242
9305,7897
341,7391
716,8249
4469,4609
8662,7887
8678,2512
8840,906
8879,7719
8889,5184
8956,3610
9043,7595
9072,4540
9133,7451
9195,8333
9224,323
9225,2047
9270,6316
287,1392
8650,356
8677,190
8835,3131
8837,7582
9190,8913
9247,6660
9278,1343
9290,3851
8695,8672
8696,2816
8703,5176
8749,3603
8836,2318
8848,5176
8852,4655
8943,869
9069,5584
4000,6381
8766,7223
9304,4293
9323,7552
4008,1769
9213,2144
793,7794
3503,726
4481,7141
7382,5729
7383,2602
7697,237
7760,3206
7838,7547
8450,4141
8483,1979
7377,4576
3779,2336
3780,44
3781,738
3782,7356
3783,8478
3784,5855
4017,1520
2214,7513
2215,2501
2216,5247
7258,4034
7392,5750
7395,3291
7816,3010
7814,8297
7248,3640
7364,162
7387,3079
7632,4919
7662,4740
7701,4458
7730,2104
7778,1848
7909,8408
8432,8725
576,39
7911,2900
7839,4588
597,8083
1034,9291
1035,8004
1037,6102
4114,8163
1036,8257
351,4559
352,7219
353,3908
354,7559
355,6125
3687,1909
989,8280
990,5013
991,8498
992,4080
996,1663
4196,5930
993,7621
1521,5316
994,5447
100,8400
101,1988
1596,4942
1333,6359
1334,8550
1335,459
1336,6331
1337,7337
188,4323
189,3507
191,7869
195,9666
196,8028
198,8562
199,5380
200,3518
201,5613
324,5320
190,8839
192,5699
197,4761
193,9428
202,2422
325,852
651,3728
784,1650
786,7068
790,295
809,6610
882,2401
1312,4697
1647,2486
1657,4766
2511,4382
2520,9829
2521,3218
2924,2983
2925,2936
3112,5214
3232,7270
3613,1364
3849,7066
4272,5814
4315,6261
4425,8159
4427,3785
4501,6022
8341,3097
8342,2797
8343,5780
8344,2211
8345,772
8346,5942
8348,1426
8349,3221
8351,2280
8352,4477
8353,6809
8354,3574
8355,369
8358,4501
8359,9667
8360,6899
8363,8047
8364,8764
8365,1194
8369,4979
8370,5558
8371,8565
8372,7711
8373,4386
8374,4426
8375,4693
8376,2861
8377,8605
8378,8539
8380,6843
8386,293
8387,1360
8392,4782
8394,5872
8395,6915
8434,3567
8476,4349
8541,5148
8577,2507
8597,6304
8601,2975
8620,2287
484,7228
539,3788
883,2511
4423,7911
4428,1065
8347,5016
8361,3734
8366,3167
8388,5979
8393,8682
8586,7656
8367,2080
8368,3683
8379,2549
8382,8711
8383,4283
8389,5030
8391,5387
3703,2344
8356,1899
8357,9997
8381,7096
8385,7096
650,4352
8350,571
8384,9920
743,8780
8390,2217
889,5128
890,5832
893,3944
894,388
896,8871
897,3755
898,6705
901,6210
903,3435
904,6482
906,8965
909,3485
911,5783
912,2717
913,343
914,4640
916,4554
918,6698
919,6680
920,902
921,5477
922,97
923,9105
924,2259
926,2550
927,9564
928,2269
929,2974
930,7506
931,2383
932,690
933,1754
936,7620
937,5719
939,1076
940,2726
941,4995
943,4001
946,6118
947,6776
948,4573
949,9598
951,9772
952,6593
953,8602
956,8471
957,2084
958,9086
959,8290
964,6508
965,8787
966,3004
967,4440
968,9238
3131,90
4015,7511
4016,4628
888,8353
892,8158
900,2869
908,9399
915,1446
917,1800
925,6591
942,6373
945,3354
961,8137
962,1998
891,6231
899,3264
905,4513
907,3872
910,9623
944,9322
950,6493
954,3278
955,6463
902,253
938,6996
960,4777
895,9039
935,5481
934,6263
129,7538
207,1416
208,8340
237,4196
356,4826
501,9899
1006,8443
3095,3017
668,8517
670,227
671,7372
676,8226
679,9338
680,3719
681,2770
682,4249
683,2037
684,1415
685,7525
689,6535
713,9028
1318,5644
1364,7363
1674,457
3785,1413
3864,5360
4112,246
665,7698
667,125
669,7469
674,6417
677,8447
678,2116
1019,5082
1347,3191
666,2048
673,5397
672,6783
675,5154
2284,7422
3286,4474
3287,5903
3288,6317
3289,3118
3291,6025
3293,3009
3296,137
3297,7405
3298,9497
3299,900
3300,3811
3302,9123
3303,6887
3304,2905
3305,6334
3306,6612
3307,1170
3308,7020
3311,4566
3313,52
3314,9333
3315,4663
3316,924
3318,1514
3319,7754
3321,7864
3322,260
3325,1961
3327,1913
3328,1068
3329,6562
3330,2395
3331,7161
3333,3336
3334,335
3335,2603
3336,5768
3338,9265
3339,1244
3341,3926
3343,9302
3344,2923
3349,2043
3350,943
3351,161
3352,3448
3354,5074
3355,3266
3356,8805
3357,6191
3358,8035
3359,1816
3360,9066
3361,8800
3362,446
3363,1117
3364,8117
3365,8867
3366,9365
3367,9385
3386,6401
3426,7055
3501,6659
3536,3965
3539,1328
3541,2023
3597,2805
3601,8398
3708,8000
3709,1720
3744,7759
3746,1525
3747,1003
3772,5376
3854,1895
3978,4481
3981,6474
4147,3554
4148,1503
4172,5589
4237,7157
4304,549
3312,9412
3340,301
3342,9693
3346,9884
3347,6163
3535,2608
3980,177
3294,5
3301,1272
3309,8926
3310,4639
3317,5753
3320,7448
3323,1060
3324,9611
3326,1449
3332,8177
3345,1563
3348,3390
3353,829
3387,3511
4236,1536
4303,8197
4406,4944
3290,3778
3292,9850
3337,2308
3295,7239
4293,3537
816,5602
1010,4324
7226,9863
7346,5978
7693,7945
7704,8246
800,55
7462,4006
7683,2423
7685,7039
7687,7351
7688,6196
7684,7121
7686,1331
7682,213
187,6298
278,6614
714,6440
3605,706
3683,5422
3866,6447
4073,7832
9147,3617
9150,1253
9152,7110
9153,9858
9154,49
9155,2853
9157,1740
9159,4139
9161,6863
9162,333
9164,3889
9166,3173
9167,3331
9169,9032
9170,2917
9173,3215
9176,3177
9177,1871
9178,1389
9210,2627
9227,2445
9279,3693
9298,8905
122,256
9163,7730
9165,8973
9175,7316
9286,3379
9291,1213
9294,470
9151,781
9156,7394
9160,6454
9174,765
9185,6455
9216,9928
9295,8568
9296,8790
112,5359
9149,9518
9158,2120
226,9201
3018,5321
9148,9603
9168,9496
9172,4704
9171,8604
9252,1152
9238,9463
9274,6652
48,4763
628,2601
3625,2606
4006,2470
8619,8119
4009,9532
4010,5630
2557,5395
2558,5157
2559,9055
2560,1330
2563,5529
2564,9631
2566,3809
2567,8112
2568,1430
2569,7908
2570,7235
2572,9175
2574,1027
2575,6704
2576,211
2577,4179
2578,9376
2579,4097
2580,6821
2581,4495
2582,5632
2583,3627
2584,9566
2585,1022
2586,1127
2587,3641
2588,4552
2589,4879
2590,5684
2591,6179
2592,754
2593,2167
2594,5478
2595,5275
2597,8361
2599,497
2600,283
2601,1540
2602,3144
2604,578
2605,6011
2606,6070
2607,5935
2608,467
2610,8978
2611,8492
2612,8261
2613,8260
2614,9473
2615,4127
2616,2527
2617,2846
2619,5537
2620,7947
2621,281
2622,1081
2623,7613
2624,8012
2626,552
2627,4292
2628,9990
2631,4297
2632,4500
2634,7064
2635,4833
2636,3214
2638,8911
2639,159
2640,5286
2642,3003
2643,2987
2650,8084
2651,4734
2652,3525
2654,6607
2657,9460
2658,3333
2659,1158
2661,742
2662,813
2664,7973
2665,9318
2666,6506
2667,4499
2668,3005
2669,8511
2670,6617
2671,5167
2673,3254
2674,6959
2685,2187
2686,6516
2689,2367
2690,5975
2693,4441
2695,3665
2696,6574
2698,6247
2699,1826
2700,4612
2705,2283
2707,3425
2708,7230
2741,3020
2744,7975
2748,8296
2771,8812
2772,2229
2773,8269
2778,4364
2783,8358
2789,2094
2795,9769
2811,3364
2815,8737
2816,5018
2817,735
3688,9447
3933,1986
2571,6560
2596,749
2598,2721
2618,8907
2629,2331
2641,6355
2656,8902
2687,720
2710,1767
2751,998
2776,9450
2792,3456
2812,3810
2561,653
2562,6635
2573,9197
2609,7898
2644,4029
2688,5248
2692,849
2703,9687
2706,583
4495,4251
2625,9358
2630,7663
2633,8972
2637,3031
2653,5048
2702,7204
2709,6134
2603,8295
2711,6671
595,7644
3892,2519
7385,1538
7389,1994
7488,7812
7652,8919
7780,2707
7851,3048
2645,8141
2648,7880
2649,5104
2655,7835
2660,7808
2663,4185
2672,2648
2691,1348
2694,7353
2704,299
2738,865
2769,8123
2791,2910
2803,8594
2808,6753
2823,3580
4116,4042
4285,5454
4433,1309
4503,5207
2737,3068
2819,1141
2743,3193
2647,932
2770,2014
2646,7460
2739,5236
2740,5461
2753,2886
2754,6851
2755,2716
2756,5414
2758,247
2759,3528
2760,8179
2761,15
2762,2461
2763,6156
2764,6468
2765,5002
2767,6350
2785,9342
2786,2361
2787,201
2797,4726
2801,6559
2802,3440
2807,4153
2809,980
2941,9939
3019,345
3137,1039
3270,7286
3472,37
3475,506
3760,545
3967,2408
4079,2443
4081,4358
4104,2414
4213,2677
4216,325
4220,2584
4286,1823
4298,5341
4383,667
4449,2138
4479,6951
4488,5295
2784,4476
2794,3631
2810,8694
2814,2897
3903,395
2766,9749
2799,733
2821,3337
3842,6628
3955,2819
2818,5409
2806,9351
530,1006
856,9437
884,9522
3504,9930
3855,898
3958,7934
7713,5860
7758,269
7762,3658
7763,4212
7766,6756
7896,1989
8174,7473
8404,5740
8443,7744
8538,2221
8556,1465
8567,1706
8618,6936
7894,8647
2894,7236
3853,7432
7845,7885
4223,4653
240,9852
242,9526
248,324
249,9300
253,7675
254,2234
262,5771
264,5756
265,8193
349,9102
587,8129
592,1805
598,7581
599,59
601,4719
618,6832
2898,7273
3579,6055
4028,2710
4224,4002
4377,9942
243,8369
246,623
251,8643
252,4519
256,7374
257,5355
258,6833
260,8509
261,2060
263,5402
591,3258
604,214
3194,5244
241,223
259,5581
519,4434
3754,9101
2533,419
1315,6813
239,5078
250,5562
247,5618
3847,4070
4056,6836
818,1757
819,5561
820,189
821,2595
822,1588
823,3153
824,748
826,4275
827,9168
828,3371
829,9098
830,2466
831,6492
832,1759
833,6132
834,843
835,6910
836,9087
837,3323
838,124
840,4764
841,9308
842,2811
843,7740
844,6933
3193,1468
3500,7024
4472,9770
839,9249
825,6748
2675,2892
2680,8431
2682,8216
2683,1569
2684,7587
2697,2995
2742,453
2750,3159
2701,3588
2790,1542
2676,8286
2677,4302
2679,2413
2800,4346
2681,4871
703,885
704,5574
705,9461
706,2343
707,4707
709,1047
710,7464
805,3492
2850,931
3931,4322
708,6087
3431,9703
711,5342
459,6958
465,8870
6080,8956
1075,1601
1076,4896
1078,677
1079,8185
1080,1560
1081,8727
1082,7785
1083,8320
1088,2485
1089,4354
1091,3546
1093,5551
1095,4857
1096,1017
1097,3669
1098,1079
1099,2062
1100,5817
1101,6054
1102,4073
1104,9434
1105,8891
1106,4492
1108,2404
1109,9889
1110,7016
1112,2631
1113,7742
1114,4518
1115,7091
1118,5475
1119,1864
1120,9647
1121,274
1122,1576
1123,2679
1124,2178
1126,6108
1128,6713
1129,8626
1130,2312
1131,1357
1132,3928
1133,1489
1134,2045
1135,862
1137,3856
1138,8476
1139,4375
1140,8099
1142,3270
1143,309
1144,5564
1145,6057
1146,528
1147,6878
1149,6582
1150,520
1152,8342
1153,7252
1154,1237
1155,2016
1156,8033
1158,6678
1159,9207
1160,505
1161,6658
1162,3107
1164,2750
1166,4431
1167,7606
1168,6352
1169,8646
1170,6245
1171,6960
1172,3419
1173,6735
1174,3691
1175,5339
1176,1878
1177,3309
1178,4445
1179,4536
1181,4152
1182,5920
1183,2537
1184,8160
1185,888
1186,9599
1187,9042
1188,1073
1189,7739
1190,1185
1191,6123
1192,8334
1193,7773
1194,8250
1195,2968
1196,1852
1197,6068
1198,1107
1199,7670
1200,728
1201,99
1202,4594
1204,2663
1205,4503
1206,1001
1207,8718
1208,7338
1209,3952
1211,2175
1212,3272
1213,6666
1216,6782
1217,7186
1218,2759
1219,7067
1220,4264
1221,785
1222,1165
1223,8554
1224,6376
1225,9806
1227,1903
1228,3287
1229,6015
1230,6047
1231,4036
1232,399
1233,7985
1234,6656
1236,4776
1239,3847
1240,4793
1242,442
1243,4015
1244,5924
1245,1615
1246,3696
1247,2017
1249,2731
1250,1853
1251,7930
1252,7925
1253,317
1255,4808
1256,8559
1257,2787
1258,2478
1259,6421
1260,5775
1261,1861
1262,9492
1263,7689
1265,8063
1267,685
1269,6724
1271,7988
1272,9240
1273,7556
1274,3434
1275,1344
1276,8180
1277,5833
1278,3866
1279,7747
1280,601
1281,3746
1283,4528
1285,2237
1286,3611
1288,9218
1289,7304
1290,8207
1291,828
1293,5989
1295,4288
1671,7814
1727,6526
2841,7801
3016,8002
3071,8553
3072,1461
3073,6375
3126,6236
3128,7661
3130,9110
3134,8671
3181,9731
3187,6285
3384,7099
3464,1077
3466,2210
3467,3523
3468,9828
3469,8575
3598,1597
3649,5024
3748,9754
3753,6122
3775,9200
3800,6587
3872,2260
4023,7381
4070,9280
4175,5841
4191,2589
4243,3306
4255,3633
4256,6650
4277,478
4278,875
4295,9479
4309,4056
4313,7839
4324,4725
4325,9013
4380,3551
4408,2989
4411,5029
4455,143
4473,6079
4474,8008
4475,8140
4476,3230
4477,6250
4478,7180
1103,3502
1117,8588
1127,1481
1136,546
1163,4933
1180,5442
1203,8310
1214,138
1215,957
1264,1273
1268,6775
1292,2117
1294,4867
3183,9751
3428,6722
3573,1108
3749,6427
4457,533
4463,8797
1077,8116
1084,8100
1085,1780
1092,9626
1094,3473
1111,5682
1116,6978
1125,9948
1141,2532
1151,5798
1157,7249
1165,708
1226,6078
1238,7956
1241,5884
1254,6838
1270,2887
1284,3491
1517,4985
1518,2208
3465,4714
3572,7529
3773,2096
1086,9707
1087,7380
1090,3722
1210,587
1235,7320
1237,2701
1248,4482
1266,3378
1282,9758
1287,8312
1296,4977
1297,7092
3873,2103
1107,3475
1148,6869
3185,7949
3383,8848
2992,2146
2994,6442
2995,5802
2996,4806
2997,5966
2999,3244
3000,2021
3004,7307
3006,8614
3007,6847
3008,7707
3009,7315
3010,7954
3091,6985
3655,2580
4180,9436
4190,2540
3002,5480
3657,4832
2993,7299
3001,2209
3003,516
3005,4946
2998,6397
4328,1470
28,1917
31,1980
110,3327
111,5450
123,8018
133,3414
156,5914
157,9796
158,1791
168,3823
209,339
214,2472
311,4471
314,4475
339,1286
343,8759
500,568
607,130
608,3406
615,9610
745,3585
1020,7861
1362,9051
3473,7427
3902,4660
4080,9119
4091,7577
4156,4236
4178,2764
4225,7284
4294,596
4299,6459
4306,5292
4450,5781
4454,3199
4459,499
9084,5439
9085,275
9086,4209
9087,7355
9089,4168
9091,632
9092,1599
9094,780
9095,5787
9096,3545
9097,1442
9099,1521
9100,4815
9101,6762
9102,9269
9104,4762
9106,589
9108,6761
9110,310
9111,273
9112,3955
9113,2700
9114,9339
9116,8206
9117,1839
9118,2465
9121,7154
9126,7612
9127,1936
9130,7318
9132,3470
9134,4812
9197,6448
9199,4245
9200,9527
9206,2382
9232,8497
9237,1044
9240,5101
9260,8442
9271,4680
9273,1831
9280,784
9310,5538
9331,1089
9332,8566
318,7943
553,4642
660,1154
4434,2072
4436,6419
9088,1120
9093,8899
9103,30
9105,7576
9109,1829
9122,4862
9233,4408
9308,6525
108,3751
232,1491
289,5739
9107,1869
9115,2789
9119,5324
9123,3129
9203,2577
9215,8456
9218,9914
9222,4622
9287,2970
3867,4674
9090,3145
9098,5421
9214,5960
9241,5631
9249,6470
648,4176
3837,7038
4087,5913
9120,18
9226,3362
9259,1870
9330,1341
2838,9355
9254,4298
7744,4343
7898,5143
8084,8807
8207,2042
8333,3600
7743,6265
7741,7133
7742,6234
477,5885
482,2193
494,5040
497,1727
503,851
521,6483
522,4626
523,6092
525,5673
541,4659
542,8847
547,2949
548,236
549,6069
556,3212
561,6888
566,647
570,6584
571,8527
572,3458
573,9455
581,5368
594,3743
624,6523
625,476
626,6979
627,8316
629,140
630,2646
631,3862
632,7257
633,9549
634,3948
644,7145
652,4859
657,8136
699,9855
722,4927
723,2375
724,9481
730,2821
737,5165
738,6149
742,8610
758,2216
772,7181
773,4969
778,9181
788,9209
789,2160
791,694
795,8513
797,5149
799,4890
806,3486
808,4257
810,6737
815,8276
846,1063
847,2854
849,3981
852,908
860,8540
861,1821
863,6868
872,621
873,8178
879,3053
881,1570
970,6621
986,7417
987,3557
999,7627
1000,5889
1002,9810
1005,7514
1008,308
1009,2389
1013,6033
1016,2691
1017,9819
1018,6168
1023,4641
1024,472
1025,2140
1027,4130
1030,5819
1038,5192
1048,8639
1049,35
1053,915
1056,9043
1057,3449
1060,3977
1061,1873
1066,7828
1067,8520
1069,287
1302,9387
1303,4720
1304,5094
1306,6923
1321,1369
1322,3044
1323,1252
1324,1482
1325,1561
1326,2128
1329,3000
1330,5066
1332,790
1339,5052
1340,4539
1342,9247
1343,4672
1344,2206
1353,9058
1354,1283
1355,4088
1356,8288
1357,9166
1358,1053
1366,5209
1369,8556
1370,3196
1371,9978
1372,4846
1374,4774
1376,4607
1377,9349
1378,6664
1379,627
1380,1091
1421,9114
1423,2879
1424,4574
1425,6041
1426,4891
1427,1890
1428,1854
1429,5068
1430,4603
1431,4484
1433,9049
1434,6502
1446,4804
1447,5172
1449,4333
1452,3863
1454,8855
1455,2777
1457,5196
1458,2411
1460,8153
1463,5694
1464,771
1465,6517
1469,2741
1471,4039
1473,9491
1477,1530
1478,763
1479,5449
1480,2718
1482,7097
1483,7583
1485,4783
1486,6307
1487,2273
1488,9313
1489,3881
1490,186
1491,4874
1492,1190
1493,2467
1494,4340
1495,9871
1496,5060
1497,1811
1499,2198
1500,6615
1502,2270
1504,5340
1505,2298
1506,929
1509,6130
1510,360
1511,2264
1513,890
1514,8722
1524,8778
1525,7909
1527,2006
1528,8657
1529,5075
1530,8459
1533,6812
1535,6237
1536,1144
1537,2295
1540,7167
1541,8262
1542,4383
1543,4456
1545,897
1546,9094
1550,3284
1551,3444
1552,3646
1553,2366
1554,3298
1555,7056
1556,1448
1557,4950
1558,264
1560,936
1561,7891
1562,4066
1567,2693
1568,8446
1569,7082
1571,1763
1572,8967
1573,4414
1576,5373
1577,8925
1620,7370
1622,8999
1623,9430
1625,768
1626,2965
1628,9840
1632,8901
1633,8251
1634,4551
1635,1636
1636,7367
1637,1629
1638,5751
1639,4809
1640,668
1641,3014
1643,8692
1645,8359
1646,1559
1649,4579
1651,2151
1653,4753
1654,4961
1656,7598
1658,1605
1661,1057
1662,2840
1663,2877
1664,5995
1666,3025
1667,1216
1668,7117
1669,5113
1670,8670
1679,4712
1681,2090
1683,8300
1684,2041
1685,5656
1686,652
1688,5504
1690,2152
1692,1863
1693,4773
1694,4353
1695,4119
1696,6139
1697,2548
1698,4452
1700,6554
1701,9271
1704,7311
1705,1822
1706,3708
1712,607
1713,455
1714,6556
1715,5905
1717,6045
1718,2441
1719,9747
1722,8196
1723,9824
1724,6423
1726,4792
1730,1262
1731,6929
1732,1029
1733,4305
1735,2792
1736,6203
1739,271
1742,6788
1743,9716
1744,2903
1746,6101
1748,8691
1750,6902
1753,4523
1754,6599
1755,6255
1756,638
1757,2890
1758,5929
2509,4771
2510,4525
2512,9124
2514,6765
2515,9860
2518,8023
2532,7673
2536,9080
2537,6509
2540,5959
2541,3373
2543,5866
2544,7118
2545,5107
2546,872
2549,3568
2550,8474
2551,8424
2552,952
2554,3893
2555,1431
2556,5915
2825,1926
2826,380
2827,4608
2828,3089
2829,9064
2831,1271
2833,2053
2846,2314
2847,4930
2849,1142
2851,4956
2853,5257
2854,7166
2856,5641
2857,3763
2858,5601
2859,6495
2860,5711
2865,3310
2866,9104
2867,2083
2869,6431
2870,1974
2871,3676
2873,6124
2874,3056
2875,964
2876,1015
2877,3953
2878,5784
2879,802
2880,711
2881,9916
2882,116
2883,3648
2884,2652
2886,298
2887,3959
2888,783
2889,6322
2890,3396
2900,640
2902,1059
2903,1595
2904,4373
2906,9284
2907,8841
2908,7772
2909,925
2910,1176
2914,1664
2916,7846
2919,6596
2920,81
2923,3798
2926,5949
2928,3052
2929,9786
2930,4895
2932,1711
2933,3225
2936,910
2939,9661
2942,846
2943,7179
2944,3169
2945,1678
2946,9
2948,3013
2949,4801
2950,8354
2951,9897
2952,3990
2953,7184
2954,9063
2955,1071
2956,1168
2958,3741
2959,3292
2960,5909
2961,8633
2963,4019
2964,5100
2965,5957
2966,9834
2967,2607
2968,8783
2969,6328
2970,7756
2971,2807
2972,628
2973,5672
2974,9221
2975,9067
2976,7076
2977,8309
2978,4937
2979,5378
2980,6969
2981,7709
2984,7912
2985,7563
2986,8977
2987,5124
2989,3837
2990,2972
2991,7626
3020,753
3022,9694
3023,8615
3025,3430
3026,6800
3029,3609
3030,691
3031,5470
3032,9184
3033,6154
3034,9472
3038,5821
3040,3040
3041,9844
3042,2626
3044,9891
3045,8561
3046,2809
3047,8416
3048,5634
3049,7732
3050,6150
3051,8264
3052,2024
3054,4508
3055,7586
3056,6968
3057,2324
3058,8884
3059,8686
3060,2428
3061,6494
3062,43
3063,5141
3064,7599
3065,9477
3080,218
3085,8278
3088,7084
3089,5946
3090,7700
3092,2434
3093,1353
3094,6651
3096,5617
3097,8029
3101,6667
3102,6244
3103,1771
3104,3919
3105,3465
3107,1502
3109,3389
3110,1781
3111,3345
3113,1167
3114,8252
3115,4392
3116,4103
3117,1352
3119,9442
3120,5276
3121,1492
3138,3949
3139,2893
3142,1270
3144,6970
3145,1366
3148,5290
3149,6602
3151,1960
3152,8169
3153,3621
3155,193
3156,7086
3158,3584
3159,6340
3160,8944
3162,679
3163,1697
3166,4092
3167,7696
3168,1480
3169,1512
3170,2310
3173,7651
3174,8152
3197,8728
3198,5606
3199,2708
3200,4270
3201,382
3202,7214
3204,2801
3206,5934
3207,8212
3213,6957
3214,5224
3215,3903
3217,9180
3218,832
3220,1196
3222,5853
3223,3192
3225,8437
3226,2904
3227,5749
3229,1319
3230,6027
3234,6140
3235,3808
3236,4546
3238,9653
3239,7237
3241,9616
3242,863
3243,8357
3244,1222
3245,9628
3247,7601
3248,4991
3250,7847
3251,4882
3252,7430
3253,314
3254,2440
3255,1694
3257,666
3258,4894
3259,5605
3260,5759
3261,650
3263,6649
3264,9278
3266,2871
3274,9056
3276,626
3277,518
3279,576
3280,4069
3281,2214
3282,7116
3283,6842
3284,4339
3285,7929
3368,7480
3369,3767
3371,2354
3372,9700
3373,9528
3375,9538
3376,1093
3378,5455
3379,4442
3380,4040
3381,3330
3382,5540
3394,3868
3395,9627
3398,4177
3399,2330
3400,430
3401,1383
3403,712
3404,7398
3405,1320
3406,1399
3407,7871
3408,3973
3409,6772
3410,280
3411,7875
3412,7012
3415,5984
3416,58
3417,7450
3418,3526
3419,4379
3420,3500
3421,289
3422,6891
3423,6329
3424,9420
3432,2158
3433,8272
3435,3753
3436,4647
3437,6105
3439,6919
3442,3308
3443,9668
3445,1020
3446,2980
3448,1305
3449,8364
3451,1464
3454,6715
3455,2633
3456,1130
3457,7158
3458,9777
3476,244
3477,8745
3479,2615
3480,8845
3481,5424
3483,7264
3484,9534
3486,1508
3487,8684
3488,7964
3489,9634
3490,9508
3492,8707
3493,2798
3494,2108
3495,1770
3496,9319
3509,5851
3512,1178
3513,1251
3514,1014
3516,3980
3517,4730
3518,6052
3520,5869
3523,2394
3524,6913
3525,5347
3527,9230
3528,2578
3529,7386
3530,8526
3532,9774
3533,1036
3534,4072
3552,5479
3553,6143
3555,5509
3557,1547
3558,2908
3559,1534
3561,6158
3562,5312
3563,535
3565,9316
3581,132
3582,7172
3584,1325
3585,329
3586,5158
3587,4786
3588,7436
3589,9592
3590,7225
3591,8968
3592,761
3593,2433
3594,5381
3595,8338
3608,8483
3609,2063
3612,8201
3616,4650
3617,6313
3618,4342
3619,1515
3622,5023
3623,5646
3633,3380
3635,8087
3636,1923
3638,6669
3642,2799
3643,660
3644,6541
3645,6580
3646,999
3648,5770
3662,1874
3663,5220
3664,47
3665,4389
3666,4582
3668,2456
3669,1786
3670,7033
3672,2958
3673,4634
3690,3423
3691,2588
3692,8587
3693,4287
3694,1967
3696,6181
3697,7058
3699,1666
3701,1041
3702,2868
3704,373
3705,7579
3706,1488
3707,1784
3727,7813
3729,5931
3732,9868
3733,1939
3734,4446
3735,1783
3736,6595
3738,1193
3739,9741
3740,5668
3741,3876
3742,4433
3743,7493
3755,7419
3756,9723
3757,4861
3761,362
3764,8496
3767,9476
3768,5088
3769,8038
3770,4678
3788,4996
3789,8348
3791,7892
3792,7187
3793,3752
3794,5896
3795,2812
3834,5249
3848,3742
3893,1910
3925,9145
3935,893
3936,9113
3938,8417
3941,5401
3944,6379
3945,5637
3946,8426
3947,9373
3965,1830
3966,4279
3970,2573
3972,6422
3973,6870
3974,8396
3975,2889
3977,798
3988,1518
3989,609
3991,9258
3992,1919
3993,9444
3994,7137
3995,7857
4007,2309
4025,6579
4026,6488
4027,3592
4029,4372
4032,595
4036,1546
4038,9188
4040,381
4044,2352
4045,3340
4046,5268
4051,2131
4053,19
4063,3123
4064,7695
4066,2284
4068,8947
4082,4878
4083,6861
4093,4568
4094,2442
4095,6942
4096,756
4098,8460
4099,7434
4107,2930
4108,5788
4121,4028
4122,2452
4125,4952
4128,3947
4129,996
4131,1203
4132,4429
4133,9917
4135,2568
4137,8742
4138,5782
4139,4983
4141,951
4184,7660
4198,9513
4199,8372
4202,8041
4203,7788
4204,8917
4205,6028
4206,4994
4230,4555
4232,2538
4233,2071
4264,6155
4265,6944
4271,3224
4274,3529
4292,1298
4318,4724
4319,525
4320,3680
4322,4396
4331,9361
4332,1096
4335,7569
4336,2639
4337,3348
4338,8011
4339,3892
4340,9775
4341,9045
4344,7146
4354,6987
4355,1110
4357,8270
4359,1000
4361,9658
4365,6798
4366,1501
4367,9957
4368,5513
4370,7572
4371,4739
4372,856
4373,5202
4374,5272
4385,5223
4386,7508
4387,2250
4388,6089
4389,5058
4391,8473
4393,8407
4394,6384
4395,9073
4396,4497
4397,7749
4398,102
4399,5596
4400,1490
4401,2678
4402,9402
4404,7657
4413,1729
4414,4736
4415,4524
4417,4455
4420,1146
4421,853
4424,1234
4426,4424
4437,3701
4470,5291
4492,9683
4504,9219
5517,8895
5518,1115
5523,8419
5524,3624
5525,3534
5526,6208
5527,8598
5528,3853
5529,1774
5530,4722
5531,6930
5532,228
5533,6736
5534,2126
5536,4677
5537,7462
5538,4728
5539,6260
5540,4291
5541,3314
5542,7043
5543,724
5544,5352
5546,619
5547,5807
5548,988
5549,8750
5550,7642
5552,9873
5554,6864
5555,6333
5558,38
5559,3217
5562,1182
5564,989
5567,4128
5568,4901
5569,2396
5570,1313
5571,5462
5572,1675
5576,3375
5578,7979
5579,1200
5581,7624
5582,8794
5583,8734
5584,5331
5585,6153
5586,599
5587,1806
5588,9082
5589,6221
5591,5175
5592,1907
5593,3794
5594,1716
5595,7197
5596,3187
5597,1367
5598,5451
5599,5116
5600,1112
5601,8104
5602,4732
5603,3184
5604,2795
5605,5255
5606,7567
5607,3231
5608,3096
5609,4067
5610,5569
5611,6393
5612,6956
5613,9327
5614,1005
5616,6741
5617,5117
5620,8634
5623,336
5624,5655
5625,1085
5626,6110
5628,7268
5630,6824
5631,3467
5632,3136
5633,2842
5635,597
5638,2955
5639,4947
5641,71
5644,1391
5647,3313
5648,8349
5653,4717
5654,8910
5655,5092
5656,3038
5660,7965
5661,7893
5662,9346
5663,3033
5664,7848
5666,4090
5667,5496
5668,8423
5669,9839
5670,6925
5672,9415
5673,8770
5676,1708
5678,9151
5679,7361
5680,6275
5681,5118
5682,984
5683,1095
5684,8213
5686,351
5687,1227
5688,6796
5689,4629
5690,5499
5691,6296
5693,7610
5694,3607
5695,9537
5696,7693
5697,3210
5698,7211
5699,8835
5700,9726
5701,7752
5703,8072
5705,8720
5706,4347
5707,1705
5708,7088
5709,5736
5710,1835
5712,7738
5713,12
5714,3650
5715,1981
5716,8591
5717,1946
5718,423
5719,8985
5720,5888
5721,9704
5722,6681
5724,1985
5726,6005
5727,4195
5728,5027
5729,752
5730,7862
5733,847
5734,2536
5735,9062
5736,2769
5737,5365
5738,3687
5739,9979
5740,6193
5741,8504
5742,5269
5743,5826
5744,4892
5746,7959
5747,527
5748,1962
5749,5483
5750,2533
5751,7482
5752,2863
5754,1349
5755,7217
5756,7819
5758,1978
5759,1510
5760,3801
5761,2514
5762,5526
5764,9213
5765,1163
5767,5718
5769,9400
5770,1585
5771,2988
5772,7972
5773,4105
5776,6954
5777,540
5779,4799
5780,6921
5782,5346
5783,9827
5784,3720
5788,933
5789,6637
5791,2722
5792,9830
5793,586
5794,9746
5795,5296
5796,17
5797,7852
5800,1958
5801,6160
5802,6616
5803,6555
5804,9310
5806,9206
5808,4183
5809,9539
5810,7439
5814,6320
5815,7000
5816,4294
5818,2115
5821,8921
5822,6272
5823,2841
5825,4855
5826,8052
5827,1090
5828,6157
5830,7863
5831,212
5833,1418
5834,5761
5835,2398
5837,7877
5838,836
5839,740
5842,8
5844,935
5845,6276
5846,4780
5851,7594
5860,1428
5875,5559
5876,207
5877,4218
5905,86
5906,3510
5909,9974
5923,3690
5926,4578
5927,2774
5931,4729
5932,3027
5933,6934
5935,7105
5936,3342
5937,7148
5939,759
5947,8715
5950,2121
5951,4850
5952,1558
5953,3228
5956,9550
5957,1308
5960,4388
5962,3910
5965,393
5974,2927
5978,8846
5979,6444
5980,3343
5981,3548
5982,1602
5986,1609
5987,8555
5988,2451
5989,9252
5992,3887
5998,195
5999,1673
6001,7483
6003,1386
6005,8090
6007,2961
6008,2572
6009,8768
6014,5856
6022,8071
6025,725
6027,9646
6031,3553
6032,2349
6033,2154
6037,267
6038,6645
6039,1473
6040,6178
6042,4842
6043,8815
6045,5260
6046,1739
6051,1062
6052,6532
6055,1707
6056,3069
6064,8879
6065,2723
6066,1912
6069,9989
6072,9021
6074,3939
6075,74
6076,4692
6077,3394
6078,503
6079,6950
6081,8740
6084,3854
6085,4356
6089,8932
6094,824
6096,8650
6098,1478
6100,2263
6101,5789
6108,8155
6111,9320
6115,4831
6120,8830
6128,278
6130,7453
6131,8756
6132,6290
6133,913
6134,4517
6136,4668
6138,2837
6139,3950
6140,2458
6143,192
6146,297
6149,6129
6150,8305
6160,8039
6163,3874
6164,3883
6165,1368
6166,1175
6170,7444
6173,8571
6175,83
6178,5210
6180,4165
6181,6059
6188,6834
6189,4562
6194,1228
6195,6434
6196,155
6201,6465
6206,2944
6211,8186
6212,7144
6213,3295
6218,3152
6219,5670
6220,8823
6221,9193
6222,477
6223,7836
6224,3051
6225,8820
6227,6288
6229,8413
6231,4138
6232,8175
6233,5388
6235,9597
6236,6035
6237,2730
6238,714
6241,7132
6243,7733
6245,8949
6246,9391
6247,9970
6249,4391
6252,8654
6256,2614
6257,1084
6258,8873
6259,4104
6260,8535
6263,517
6264,4509
6266,2267
6267,779
6268,9390
6271,1824
6272,606
6273,2439
6274,6893
6277,5370
6279,4095
6282,8450
6285,2946
6292,2849
6294,306
6295,3300
6296,1342
6299,5289
6300,7177
6301,9608
6303,8056
6304,268
6309,5882
6310,7605
6311,9602
6312,6728
6313,5282
6319,8660
6320,7705
6324,2242
6325,4335
6327,4319
6328,8863
6329,2074
6330,1443
6332,2810
6333,5549
6334,9424
6335,3709
6336,2969
6337,5375
6341,6926
6345,9330
6348,3443
6349,9826
6351,5636
6352,6318
6353,2985
6357,5367
6358,9286
6363,8638
6366,8851
6368,3297
6369,4360
6370,1303
6372,9577
6373,7564
6374,1920
6375,1070
6376,6270
6377,4577
6379,4215
6380,4737
6385,3678
6386,7011
6387,7221
6388,3506
6390,2522
6391,7873
6392,7775
6394,6739
6397,7403
6398,682
6399,9727
6400,6732
6401,630
6402,9143
6403,1882
6404,5587
6405,3001
6406,158
6407,8934
6408,5229
6411,8434
6412,7169
6415,5070
6416,594
6421,8542
6422,3531
6423,7578
6428,3087
6433,5971
6435,9714
6437,368
6439,1948
6441,1970
6442,1187
6443,5139
6444,8479
6445,5108
6446,8927
6448,9937
6450,5004
6451,4616
6452,1941
6453,6190
6454,6461
6456,3757
6460,5794
6461,1506
6462,7927
6463,2858
6466,6198
6467,6085
6469,6744
6471,6321
6473,2714
6474,9323
6475,1246
6476,8468
6477,1764
6479,9805
6481,4453
6482,7522
6483,6711
6486,3521
6488,94
6491,1472
6494,4873
6495,9732
7902,8168
7910,2505
7912,7485
7913,8301
8031,6830
8032,9674
8035,4051
8036,187
8040,8569
8042,9586
8046,7256
8047,3439
8051,9440
8054,9915
8056,3108
8059,636
8060,8078
8061,3596
8062,7810
8066,3479
8069,1266
8070,7301
8077,7900
8078,758
8079,3078
8080,4530
8081,891
8083,4290
8158,2265
8160,6360
8165,9701
8167,2491
8170,7573
8171,3656
8172,8237
8173,2483
8179,8166
8183,1850
8189,7006
8190,8245
8192,3090
8197,698
8198,1929
8201,8635
8202,7603
8312,1640
8316,1915
8319,7446
8320,8176
8323,3803
8325,5545
8326,1496
8327,8791
8328,5437
8332,5127
8336,8351
8337,6204
8338,6021
8397,2153
8400,8422
8402,2990
8406,6164
8407,7957
8413,4180
8420,4923
8421,4155
8423,8298
8427,1276
8429,657
8430,2179
8435,554
8436,1718
8442,2057
8447,3577
8466,4911
8469,8864
8472,1064
8475,2431
8478,7208
8480,32
8481,2400
8482,9640
8490,5846
8492,2826
8493,795
8494,182
8540,573
8542,9132
8547,1702
8554,6223
8563,3428
8564,2233
8565,1164
8568,2257
8569,1722
8573,9177
8576,2457
8578,5122
8581,6207
8582,9811
8585,4617
8594,6792
8595,4702
8598,8337
8599,2064
8600,3605
8605,5474
8607,1148
8608,7845
8616,5576
8617,5096
8621,4863
495,6521
516,3042
524,5899
529,7629
555,8412
582,1102
656,5810
694,2500
761,2323
985,1404
1022,5227
1051,7787
1054,631
1058,7516
1065,6740
1350,8393
1373,2339
1444,5354
1456,9551
1459,2022
1481,8971
1501,4109
1507,417
1512,7504
1526,2587
1544,7600
1548,5830
1549,2476
1559,3399
1563,6710
1575,7406
1618,5362
1624,5404
1627,6389
1642,6573
1655,265
1677,3799
1678,4877
1689,1396
1691,2278
1699,6827
1708,625
1716,8233
1720,6907
1745,4114
1747,3154
2534,2170
2538,3998
2548,5344
2553,7438
2824,8685
2852,5932
2864,8508
2872,203
2885,6233
2912,2317
2915,6815
2917,8224
2922,2487
2927,1422
2934,5689
2962,2313
2983,4694
3021,6151
3039,2297
3068,2010
3081,4237
3098,9054
3099,859
3106,6100
3140,8092
3141,2984
3143,580
3150,3476
3161,9155
3164,9152
3165,1174
3171,7741
3172,7534
3203,5049
3205,1509
3208,7515
3209,3841
3210,7104
3219,9578
3221,7445
3231,1631
3246,5510
3278,8531
3370,8624
3374,1667
3393,9204
3402,8346
3413,3436
3414,9966
3444,4202
3447,2848
3453,9077
3478,2114
3491,13
3522,8992
3531,2521
3564,8625
3583,5400
3620,3935
3621,2823
3639,2127
3641,3827
3661,683
3737,7718
3762,4142
3862,1516
3868,7780
3996,3466
4034,6046
4035,4596
4037,5217
4061,3155
4067,8258
4110,6174
4120,3781
4201,2813
4234,8382
4263,9849
4316,8928
4317,9380
4321,1043
4343,4951
4345,5535
4353,29
4360,1460
4363,3663
4364,7048
4392,9509
4403,420
4439,4488
4443,8388
4493,4784
4494,4696
5519,3644
5520,2594
5521,5760
5535,4858
5545,4920
5551,3989
5557,9842
5560,7442
5561,4993
5563,9797
5566,8761
5574,5063
5590,9194
5619,6646
5621,1851
5622,127
5629,2784
5634,4193
5643,493
5646,1572
5650,7715
5651,7327
5658,8755
5659,4203
5665,635
5671,1427
5685,5173
5702,6399
5711,1030
5731,8096
5732,2076
5753,5621
5774,1199
5775,9164
5786,976
5798,7882
5805,562
5807,3207
5813,649
5819,8399
5820,9809
5849,2806
5903,9023
5949,2123
5964,7615
6011,6141
6026,5928
6041,6090
6082,8440
6112,6623
6114,7421
6116,2542
6127,6639
6154,5080
6156,9890
6158,180
6174,7843
6210,2385
6239,2334
6240,279
6278,7557
6283,588
6308,436
6331,6212
6354,79
6395,4667
6396,28
6426,2605
6427,9337
6432,5612
6458,1153
6459,403
6468,4336
6470,3170
8045,6967
8082,5171
8191,9451
8199,6006
8396,6931
8398,1454
8408,3539
8412,1295
8416,2480
8422,2651
8438,8203
8488,4949
8571,5332
554,3188
567,7343
568,4592
735,6339
771,6879
811,5287
1345,4365
1432,9170
1445,6822
1461,1984
1498,2779
1503,4464
1515,7001
1523,6219
1531,4381
1538,1275
1539,8547
1547,9761
1570,2463
1574,3021
1644,7895
1648,5304
1660,2724
1665,4507
1682,6734
1703,7001
1709,8287
1711,7967
1737,684
1749,7170
2508,7781
2513,9092
2830,6810
2862,6072
2863,3561
2868,7280
2899,4085
2901,6117
2918,9426
2931,8089
2957,8828
2988,9159
3037,1023
3043,4246
3053,1665
3082,7910
3084,3638
3146,3481
3147,3257
3157,1322
3216,4000
3224,5010
3228,3790
3233,821
3237,2715
3256,2781
3397,646
3511,3632
3526,3688
3615,6641
3637,6218
3640,9052
3695,1184
3700,678
3763,7503
3766,5762
3821,1239
3845,9085
3968,1591
4039,194
4085,1133
4097,1111
4109,4117
4130,365
4134,7093
4140,5917
4167,7648
4200,1292
4231,255
4235,6946
4239,5530
4242,2945
4266,9600
4342,5138
4369,1562
4405,7080
4422,2744
4438,577
4441,2328
4442,5394
5565,5134
5577,7045
5615,1123
5618,4241
5627,5181
5636,7210
5645,6709
5674,1956
5723,2847
5725,6865
5757,1904
5766,1474
5768,1703
5790,1114
5824,992
5861,160
5928,5710
5940,4261
5996,3686
6012,7488
6036,7126
6068,2617
6099,5847
6118,7296
6157,1380
6168,4759
6193,8886
6214,5874
6226,2703
6230,9864
6251,7051
6253,9235
6298,4470
6321,2973
6322,5020
6326,3647
6362,2499
6367,6073
6393,3727
6465,2346
6478,5676
6484,1738
8041,8215
8063,1662
8168,9243
8184,144
8487,3347
8491,4682
8543,6791
8557,611
8570,353
8575,7800
8580,7044
8606,4820
8611,6575
762,174
780,1756
807,3006
1052,6498
1450,5622
1453,6981
1462,6294
1472,5898
1484,1365
1516,6940
1534,1411
1621,947
1652,2986
1687,5349
1702,9172
1752,3478
2539,3260
2947,4480
2982,485
3100,7831
3118,1215
3154,1799
3249,3943
3450,5972
3519,7213
3887,1693
4043,6605
4207,6148
4440,8549
4484,3995
5556,3962
5704,1263
5778,2785
5781,9536
5829,2119
5836,9585
5946,9594
6000,9315
6067,7136
6073,7266
6083,1121
6119,4757
6179,292
6187,3684
6209,4233
6265,1723
6293,2435
6307,2374
6342,8368
6350,3202
6417,1261
6457,2788
8068,5410
8572,2450
520,1417
654,383
693,6001
695,6618
783,7302
1068,5003
1301,3194
1470,7431
1630,5085
1650,1991
1740,9568
2517,9458
2921,1405
3067,6209
3211,1564
3262,3938
3440,8230
4165,8773
4262,3754
4418,1924
5522,7431
5573,1676
5692,6670
5787,3274
5799,6496
5812,5767
5840,8580
5841,5786
5958,8139
6097,6032
6122,8516
6343,6291
6359,9328
8064,2475
8558,3482
8579,6253
611,637
658,6097
1026,6
1375,3914
1448,7224
1741,66
2832,6172
3175,2316
3698,2219
3725,451
5575,8254
5649,9357
5963,2268
6107,6177
6202,9813
6275,1608
6286,4099
6389,7815
6438,6091
8164,1773
8489,1818
496,1337
653,3846
5553,8027
5640,9845
5642,563
5763,9474
5832,4174
6125,3023
6126,444
6449,7706
6480,6372
8446,2459
1578,6246
3083,1151
5637,560
5652,5178
5675,8760
5677,9445
5785,7904
5997,4450
6013,8969
6228,9234
6306,69
8065,1432
8449,8662
1710,6743
5657,603
5811,8266
8076,1742
8562,1009
6135,3338
3070,5965
7601,7094
7602,7996
7603,9242
7604,9205
7605,3590
7606,5232
7608,4662
7610,3318
7611,3498
7616,5620
7834,2712
7899,7160
7609,3198
7612,3216
7720,8679
7900,4151
7613,8263
7607,7720
0,4822
1,8020
2,136
3,270
6,9669
7,9283
9,9765
10,3769
11,6962
12,4625
13,5262
14,4935
15,6251
17,861
18,4788
19,5062
20,5816
21,6138
22,9613
23,7721
24,3945
25,2003
30,7763
37,6685
44,9407
49,7253
116,5014
121,8451
134,2771
135,8491
138,3401
176,4330
177,3826
205,3540
215,8656
218,1177
224,7106
234,5642
269,3402
283,8242
288,8802
292,9454
302,1451
336,4013
359,489
589,5221
596,5516
646,6693
725,4709
767,5508
857,8430
885,2302
978,8666
1045,8324
1311,5408
1346,113
1381,8832
1435,6279
1437,145
3390,233
3607,4731
3839,9639
3876,6841
4127,8785
4,1037
5,8776
8,8861
16,2976
137,4096
223,9352
301,6205
345,9128
346,8318
505,3366
602,4486
612,4350
697,1661
3898,2911
3953,4828
27,3672
83,9353
647,6342
321,3566
326,5967
344,6784
309,9711
88,494
231,4581
